Year,ABW,AFG,AFR,AGO,AIA,ALB,AMR,AND,ARE,ARG,ARM,ASM,ATG,AUS,AUT,AZE,BDI,BEL,BEN,BFA,BGD,BGR,BHR,BHS,BIH,BLR,BLZ,BMU,BOL,BRA,BRB,BRN,BTN,BWA,CAF,CAN,CHE,CHL,CHN,CIV,CMR,COD,COG,COK,COL,COM,CPV,CRI,CUB,CUW,CYM,CYP,CZE,DEU,DJI,DMA,DNK,DOM,DZA,ECU,EGY,EMR,ERI,ESP,EST,ETH,EUR,FIN,FJI,FRA,FSM,GAB,GBR,GEO,GHA,GIN,GLOBAL,GMB,GNB,GNQ,GRC,GRD,GTM,GUM,GUY,HKG,HND,HRV,HTI,HUN,IDN,IND,IRL,IRN,IRQ,ISL,ISR,ITA,JAM,JOR,JPN,KAZ,KEN,KGZ,KHM,KIR,KNA,KOR,KWT,LAO,LBN,LBR,LBY,LCA,LKA,LSO,LTU,LUX,LVA,MAC,MAR,MCO,MDA,MDG,MDV,MEX,MHL,MKD,MLI,MLT,MMR,MNE,MNG,MNP,MOZ,MRT,MSR,MUS,MWI,MYS,NAM,NCL,NER,NGA,NIC,NIU,NLD,NOR,NPL,NRU,NZL,OMN,PAK,PAN,PER,PHL,PLW,PNG,POL,PRK,PRT,PRY,PSE,PYF,QAT,ROU,RUS,RWA,SAU,SDN,SEAR,SEN,SGP,SLB,SLE,SLV,SMR,SOM,SRB,SSD,STP,SUR,SVK,SVN,SWE,SWZ,SXM,SYC,SYR,TCA,TCD,TGO,THA,TJK,TKL,TKM,TLS,TON,TTO,TUN,TUR,TUV,TZA,UGA,UKR,URY,USA,UZB,VCT,VEN,VGB,VNM,VUT,WB_HI,WB_LI,WB_LMI,WB_UMI,WLF,WPR,WSM,XKX,YEM,ZAF,ZMB,ZWE
1974-01-01,0.0,0.0,0.0,27.0,0.0,0.0,0.0,0.0,0.0,290.0,0.0,0.0,0.0,32.0,9.0,0.0,17.0,16.0,3.0,0.0,725.0,2.0,6.0,1.0,0.0,0.0,0.0,0.0,125.0,3636.0,1.0,0.0,0.0,28.0,0.0,173.0,3.0,412.0,25859.0,0.0,0.0,50.0,5.0,0.0,303.0,0.0,0.0,9.0,0.0,0.0,0.0,1.0,0.0,17.0,0.0,0.0,0.0,359.0,329.0,107.0,0.0,0.0,0.0,22.0,0.0,0.0,0.0,0.0,0.0,22.0,0.0,21.0,3.0,0.0,21.0,0.0,0.0,5.0,0.0,0.0,9.0,0.0,17.0,0.0,15.0,2.0,2.0,0.0,15.0,10.0,1148.0,26912.0,0.0,824.0,842.0,0.0,0.0,258.0,26.0,9.0,173.0,0.0,1.0,0.0,0.0,0.0,0.0,263.0,38.0,13.0,6.0,0.0,18.0,0.0,251.0,40.0,0.0,0.0,0.0,15.0,0.0,0.0,0.0,0.0,0.0,64.0,0.0,0.0,28.0,0.0,647.0,0.0,34.0,0.0,15.0,42.0,0.0,10.0,0.0,240.0,0.0,0.0,88.0,129.0,6.0,0.0,0.0,0.0,82.0,0.0,21.0,0.0,1137.0,2.0,121.0,2884.0,0.0,14.0,6.0,155.0,487.0,29.0,0.0,0.0,7.0,5.0,0.0,3.0,487.0,1640.0,0.0,424.0,4.0,0.0,0.0,14.0,0.0,0.0,10.0,0.0,0.0,0.0,0.0,0.0,0.0,0.0,0.0,0.0,561.0,0.0,5.0,0.0,1905.0,0.0,0.0,0.0,0.0,0.0,42.0,33.0,470.0,0.0,0.0,0.0,0.0,3.0,272.0,0.0,2.0,92.0,0.0,418.0,0.0,2848.0,2567.0,34131.0,37209.0,0.0,0.0,0.0,0.0,0.0,503.0,87.0,73.0
1975-01-01,0.0,22.0,0.0,7.0,0.0,0.0,0.0,0.0,0.0,148.0,0.0,0.0,0.0,22.0,1.0,0.0,33.0,14.0,8.0,21.0,706.0,0.0,13.0,0.0,0.0,0.0,1.0,0.0,229.0,4004.0,2.0,0.0,0.0,9.0,0.0,103.0,12.0,428.0,38246.0,432.0,0.0,46.0,2.0,0.0,260.0,0.0,0.0,6.0,1.0,0.0,0.0,3.0,0.0,37.0,0.0,1.0,0.0,299.0,350.0,40.0,584.0,0.0,0.0,23.0,0.0,0.0,0.0,0.0,0.0,19.0,0.0,20.0,12.0,0.0,120.0,0.0,0.0,3.0,0.0,0.0,5.0,0.0,7.0,0.0,2.0,0.0,2.0,0.0,31.0,6.0,939.0,30057.0,0.0,1556.0,1281.0,0.0,1.0,256.0,27.0,23.0,139.0,0.0,7.0,0.0,0.0,0.0,2.0,337.0,6.0,9.0,0.0,0.0,79.0,0.0,310.0,41.0,0.0,0.0,0.0,18.0,103.0,0.0,0.0,0.0,0.0,37.0,0.0,0.0,71.0,0.0,384.0,0.0,0.0,0.0,2.0,42.0,0.0,1.0,0.0,218.0,0.0,0.0,29.0,32.0,0.0,0.0,0.0,0.0,0.0,0.0,1.0,43.0,3138.0,0.0,161.0,1770.0,0.0,11.0,0.0,317.0,382.0,13.0,0.0,0.0,5.0,8.0,0.0,1.0,266.0,431.0,0.0,399.0,0.0,0.0,0.0,4.0,0.0,0.0,8.0,0.0,0.0,0.0,0.0,0.0,0.0,0.0,0.0,0.0,502.0,0.0,3.0,0.0,1934.0,0.0,0.0,0.0,0.0,0.0,25.0,6.0,265.0,0.0,0.0,228.0,0.0,1.0,307.0,0.0,2.0,205.0,0.0,738.0,0.0,2505.0,1760.0,39240.0,50398.0,0.0,0.0,0.0,0.0,51.0,487.0,49.0,0.0
1976-01-01,0.0,35.0,0.0,12.0,0.0,0.0,0.0,0.0,1.0,191.0,0.0,0.0,0.0,3.0,5.0,0.0,54.0,5.0,4.0,8.0,0.0,0.0,2.0,0.0,0.0,0.0,0.0,0.0,140.0,5009.0,1.0,0.0,0.0,9.0,0.0,109.0,6.0,491.0,23968.0,0.0,0.0,23.0,2.0,0.0,280.0,0.0,6.0,0.0,1.0,0.0,0.0,0.0,0.0,88.0,1.0,0.0,0.0,433.0,282.0,47.0,699.0,0.0,0.0,10.0,0.0,0.0,0.0,0.0,0.0,26.0,0.0,14.0,2.0,0.0,44.0,1.0,0.0,1.0,0.0,0.0,6.0,2.0,4.0,0.0,1.0,1.0,3.0,0.0,25.0,17.0,962.0,21825.0,0.0,383.0,1027.0,0.0,0.0,202.0,14.0,7.0,145.0,0.0,0.0,0.0,0.0,0.0,3.0,498.0,14.0,48.0,0.0,0.0,19.0,0.0,152.0,30.0,0.0,0.0,0.0,5.0,65.0,0.0,0.0,21.0,0.0,33.0,0.0,0.0,29.0,0.0,1143.0,0.0,0.0,0.0,2.0,42.0,0.0,0.0,30.0,250.0,0.0,0.0,63.0,333.0,0.0,0.0,0.0,1.0,46.0,0.0,6.0,23.0,1722.0,0.0,113.0,3371.0,0.0,88.0,3.0,163.0,674.0,11.0,0.0,0.0,6.0,0.0,0.0,8.0,318.0,750.0,0.0,373.0,0.0,0.0,0.0,0.0,0.0,0.0,15.0,0.0,0.0,0.0,0.0,0.0,1.0,5.0,0.0,0.0,393.0,0.0,1.0,0.0,2345.0,0.0,0.0,0.0,0.0,0.0,7.0,20.0,170.0,0.0,35.0,47.0,0.0,0.0,128.0,0.0,0.0,269.0,0.0,2199.0,0.0,2808.0,1974.0,32461.0,35939.0,0.0,0.0,0.0,0.0,346.0,351.0,16.0,10.0
1977-01-01,0.0,480.0,0.0,15.0,0.0,0.0,0.0,0.0,2.0,266.0,0.0,0.0,0.0,7.0,9.0,0.0,8.0,3.0,1.0,11.0,107.0,0.0,2.0,0.0,0.0,0.0,0.0,0.0,136.0,5685.0,28.0,0.0,0.0,9.0,0.0,0.0,4.0,554.0,30721.0,0.0,0.0,13.0,0.0,0.0,244.0,0.0,6.0,0.0,1.0,0.0,0.0,0.0,0.0,26.0,6.0,0.0,0.0,389.0,169.0,29.0,573.0,0.0,0.0,4.0,0.0,23.0,0.0,0.0,0.0,20.0,0.0,6.0,3.0,0.0,33.0,0.0,0.0,0.0,0.0,0.0,2.0,0.0,3.0,0.0,1.0,1.0,0.0,0.0,12.0,2.0,2560.0,24396.0,0.0,265.0,1041.0,0.0,0.0,175.0,36.0,57.0,122.0,0.0,64.0,0.0,0.0,0.0,0.0,185.0,18.0,16.0,0.0,0.0,8.0,6.0,145.0,37.0,0.0,0.0,0.0,1.0,65.0,0.0,0.0,1874.0,0.0,20.0,0.0,0.0,0.0,0.0,963.0,0.0,0.0,0.0,242.0,118.0,0.0,1.0,20.0,115.0,0.0,0.0,97.0,1050.0,2.0,0.0,2.0,0.0,60.0,0.0,1.0,40.0,923.0,0.0,180.0,2888.0,0.0,65.0,0.0,167.0,314.0,19.0,0.0,0.0,9.0,0.0,0.0,48.0,90.0,1641.0,0.0,290.0,1.0,0.0,0.0,0.0,0.0,0.0,4.0,0.0,0.0,0.0,0.0,0.0,0.0,0.0,0.0,0.0,249.0,0.0,5.0,0.0,2290.0,0.0,0.0,0.0,0.0,0.0,0.0,10.0,142.0,0.0,136.0,380.0,0.0,0.0,84.0,0.0,0.0,80.0,0.0,2476.0,0.0,1710.0,5351.0,34719.0,44501.0,0.0,0.0,0.0,0.0,116.0,286.0,70.0,5.0
1978-01-01,0.0,2154.0,0.0,219.0,0.0,0.0,0.0,0.0,4.0,267.0,0.0,0.0,0.0,3.0,1.0,0.0,9.0,3.0,3.0,8.0,952.0,0.0,0.0,0.0,0.0,0.0,8.0,0.0,45.0,5021.0,20.0,1.0,6.0,24.0,0.0,119.0,4.0,536.0,20084.0,0.0,0.0,72.0,1.0,0.0,175.0,0.0,0.0,0.0,1.0,0.0,0.0,9.0,0.0,20.0,2.0,0.0,0.0,334.0,108.0,22.0,418.0,0.0,0.0,8.0,0.0,0.0,0.0,0.0,0.0,14.0,0.0,0.0,0.0,0.0,36.0,10.0,0.0,2.0,10.0,0.0,0.0,0.0,5.0,0.0,1.0,0.0,1.0,0.0,8.0,3.0,2782.0,26653.0,0.0,2922.0,915.0,0.0,0.0,97.0,20.0,45.0,69.0,0.0,0.0,0.0,0.0,0.0,0.0,120.0,15.0,12.0,0.0,0.0,34.0,1.0,216.0,13.0,0.0,0.0,0.0,0.0,45.0,0.0,0.0,1168.0,0.0,16.0,0.0,0.0,39.0,0.0,323.0,0.0,1.0,0.0,4.0,5.0,0.0,0.0,14.0,88.0,0.0,0.0,52.0,455.0,0.0,0.0,1.0,0.0,171.0,0.0,1.0,11.0,2629.0,0.0,134.0,1389.0,0.0,14.0,1.0,66.0,249.0,4.0,0.0,0.0,3.0,9.0,0.0,4.0,169.0,1816.0,0.0,215.0,0.0,0.0,0.0,1.0,0.0,0.0,0.0,0.0,0.0,3.0,0.0,0.0,2.0,0.0,0.0,0.0,407.0,0.0,0.0,0.0,1773.0,0.0,0.0,0.0,0.0,0.0,0.0,14.0,93.0,0.0,43.0,0.0,0.0,0.0,76.0,0.0,0.0,39.0,0.0,2446.0,0.0,1569.0,5831.0,36494.0,35039.0,0.0,0.0,0.0,0.0,6.0,203.0,73.0,32.0
1979-01-01,0.0,1496.0,0.0,54.0,0.0,0.0,0.0,0.0,1.0,139.0,0.0,0.0,0.0,0.0,1.0,0.0,15.0,0.0,4.0,27.0,1134.0,0.0,0.0,0.0,0.0,0.0,0.0,0.0,45.0,4546.0,0.0,0.0,4.0,0.0,0.0,54.0,6.0,344.0,16921.0,0.0,0.0,13.0,1.0,0.0,171.0,0.0,1.0,0.0,1.0,0.0,0.0,0.0,0.0,13.0,1.0,0.0,0.0,267.0,73.0,24.0,317.0,0.0,0.0,17.0,0.0,0.0,0.0,0.0,0.0,8.0,0.0,0.0,0.0,0.0,148.0,0.0,0.0,0.0,5.0,0.0,1.0,0.0,4.0,0.0,5.0,0.0,2.0,0.0,7.0,2.0,3914.0,31345.0,0.0,148.0,994.0,0.0,0.0,46.0,12.0,20.0,164.0,0.0,0.0,0.0,0.0,0.0,0.0,80.0,2.0,0.0,0.0,0.0,12.0,1.0,101.0,25.0,0.0,0.0,0.0,0.0,59.0,0.0,0.0,479.0,0.0,9.0,0.0,0.0,18.0,0.0,764.0,0.0,0.0,0.0,6.0,4.0,0.0,0.0,53.0,98.0,0.0,0.0,50.0,274.0,11.0,0.0,1.0,0.0,197.0,0.0,1.0,5.0,5631.0,0.0,119.0,1044.0,0.0,4.0,0.0,70.0,154.0,7.0,0.0,0.0,5.0,8.0,0.0,21.0,121.0,883.0,0.0,210.0,0.0,0.0,0.0,0.0,0.0,0.0,8.0,0.0,0.0,1.0,0.0,0.0,5.0,0.0,0.0,0.0,670.0,0.0,0.0,0.0,2009.0,0.0,0.0,0.0,0.0,0.0,1.0,11.0,107.0,0.0,8.0,0.0,0.0,0.0,59.0,0.0,0.0,16.0,0.0,1309.0,0.0,1104.0,3846.0,42757.0,29677.0,0.0,0.0,0.0,0.0,40.0,91.0,16.0,7.0
1980-01-01,0.0,1939.0,8771.0,0.0,0.0,3.0,5570.0,0.0,20.0,86.0,0.0,0.0,0.0,1.0,0.0,0.0,6.0,1.0,127.0,725.0,1559.0,2.0,1.0,0.0,0.0,0.0,0.0,1.0,31.0,4646.0,0.0,0.0,5.0,2.0,8.0,55.0,1.0,253.0,9767.0,0.0,0.0,43.0,2.0,0.0,0.0,0.0,2.0,0.0,0.0,0.0,0.0,0.0,0.0,19.0,411.0,0.0,0.0,187.0,116.0,16.0,333.0,19970.0,0.0,7.0,0.0,142.0,271.0,0.0,0.0,3.0,0.0,1.0,5.0,0.0,40.0,0.0,97164.0,0.0,0.0,0.0,0.0,1.0,9.0,0.0,1.0,2.0,2.0,0.0,23.0,6.0,3674.0,39231.0,0.0,139.0,1122.0,0.0,0.0,30.0,13.0,5.0,66.0,0.0,6395.0,0.0,1559.0,1.0,0.0,51.0,1.0,11.0,0.0,0.0,6.0,0.0,37.0,13.0,0.0,0.0,0.0,0.0,43.0,0.0,0.0,227.0,0.0,7.0,0.0,0.0,143.0,0.0,830.0,0.0,0.0,0.0,11.0,0.0,0.0,0.0,13.0,131.0,0.0,0.0,34.0,165.0,5.0,0.0,0.0,0.0,82.0,0.0,1.0,7.0,14328.0,0.0,185.0,1910.0,0.0,0.0,0.0,18.0,90.0,14.0,0.0,0.0,1.0,12.0,0.0,3.0,99.0,587.0,47354.0,291.0,0.0,0.0,0.0,2.0,0.0,0.0,2.0,0.0,0.0,0.0,0.0,0.0,4.0,0.0,0.0,0.0,366.0,0.0,0.0,0.0,1918.0,0.0,0.0,0.0,0.0,0.0,0.0,7.0,86.0,0.0,4.0,181.0,0.0,0.0,3.0,0.0,0.0,31.0,0.0,1730.0,0.0,743.0,4859.0,69200.0,22192.0,0.0,15228.0,0.0,0.0,555.0,57.0,12.0,8.0
1981-01-01,0.0,1464.0,2764.0,28.0,0.0,6.0,4748.0,0.0,3.0,79.0,0.0,0.0,0.0,18.0,1.0,0.0,20.0,0.0,1.0,759.0,1342.0,0.0,1.0,0.0,0.0,0.0,0.0,0.0,22.0,3846.0,9.0,0.0,1.0,1.0,25.0,7.0,2.0,203.0,8481.0,0.0,0.0,24.0,1.0,0.0,145.0,0.0,0.0,0.0,0.0,0.0,0.0,0.0,0.0,7.0,1.0,0.0,0.0,125.0,114.0,22.0,411.0,19983.0,0.0,4.0,0.0,304.0,224.0,0.0,0.0,6.0,0.0,0.0,2.0,0.0,27.0,16.0,74098.0,0.0,0.0,0.0,0.0,0.0,17.0,0.0,0.0,0.0,0.0,0.0,24.0,1.0,3507.0,26315.0,0.0,377.0,1393.0,0.0,0.0,34.0,18.0,4.0,47.0,0.0,0.0,0.0,1231.0,24.0,0.0,43.0,1.0,0.0,1.0,0.0,1.0,0.0,36.0,8.0,0.0,1.0,0.0,0.0,38.0,1.0,0.0,836.0,0.0,1.0,0.0,0.0,2.0,0.0,959.0,0.0,0.0,0.0,6.0,0.0,0.0,0.0,11.0,15.0,0.0,0.0,27.0,164.0,2.0,0.0,0.0,0.0,20.0,0.0,0.0,10.0,14338.0,1.0,160.0,819.0,0.0,2.0,1.0,37.0,18.0,6.0,0.0,0.0,0.0,0.0,0.0,8.0,177.0,982.0,33011.0,91.0,0.0,0.0,0.0,1.0,0.0,0.0,0.0,0.0,0.0,2.0,0.0,0.0,4.0,0.0,0.0,0.0,493.0,0.0,0.0,0.0,794.0,0.0,0.0,0.0,0.0,0.0,3.0,4.0,136.0,0.0,160.0,32.0,0.0,0.0,5.0,0.0,0.0,50.0,0.0,2688.0,0.0,610.0,5010.0,48814.0,19310.0,0.0,13368.0,0.0,0.0,284.0,63.0,29.0,7.0
1982-01-01,0.0,1563.0,4618.0,32.0,0.0,2.0,4087.0,0.0,1.0,36.0,0.0,0.0,0.0,2.0,0.0,0.0,8.0,0.0,3.0,751.0,1860.0,0.0,0.0,0.0,0.0,0.0,4.0,0.0,24.0,3297.0,2.0,0.0,0.0,15.0,23.0,12.0,0.0,122.0,6502.0,0.0,0.0,26.0,0.0,0.0,117.0,0.0,3.0,0.0,0.0,0.0,0.0,0.0,0.0,30.0,0.0,0.0,0.0,120.0,71.0,38.0,804.0,12800.0,0.0,0.0,0.0,697.0,208.0,0.0,0.0,3.0,0.0,1.0,4.0,0.0,65.0,4.0,60040.0,0.0,0.0,0.0,2.0,0.0,14.0,0.0,0.0,1.0,0.0,0.0,26.0,0.0,3285.0,17191.0,0.0,295.0,1260.0,0.0,0.0,19.0,17.0,20.0,30.0,0.0,2.0,0.0,1503.0,2.0,0.0,17.0,15.0,813.0,0.0,0.0,2.0,0.0,22.0,135.0,0.0,0.0,0.0,2.0,48.0,0.0,0.0,1333.0,0.0,0.0,0.0,0.0,2.0,0.0,782.0,0.0,0.0,0.0,18.0,2.0,0.0,0.0,69.0,10.0,0.0,0.0,16.0,1170.0,2.0,0.0,0.0,0.0,111.0,0.0,1.0,19.0,6520.0,0.0,189.0,2140.0,0.0,0.0,0.0,0.0,16.0,14.0,0.0,0.0,2.0,1.0,0.0,5.0,188.0,1008.0,24376.0,100.0,6.0,0.0,0.0,22.0,0.0,0.0,0.0,0.0,0.0,4.0,0.0,0.0,0.0,0.0,0.0,0.0,498.0,0.0,0.0,0.0,1125.0,0.0,0.0,0.0,0.0,0.0,2.0,2.0,131.0,0.0,5.0,3.0,0.0,0.0,2.0,0.0,0.0,23.0,0.0,2921.0,0.0,499.0,5878.0,36341.0,16605.0,0.0,13951.0,4.0,0.0,555.0,27.0,19.0,13.0
1983-01-01,0.0,1940.0,4099.0,11.0,0.0,1.0,4023.0,0.0,2.0,22.0,0.0,0.0,0.0,1.0,0.0,0.0,19.0,3.0,2.0,737.0,3520.0,0.0,0.0,0.0,0.0,0.0,0.0,0.0,49.0,3369.0,0.0,0.0,4.0,1.0,21.0,11.0,1.0,76.0,7227.0,0.0,0.0,54.0,0.0,0.0,127.0,0.0,2.0,0.0,0.0,0.0,0.0,0.0,0.0,17.0,0.0,2.0,0.0,124.0,132.0,24.0,994.0,7635.0,0.0,0.0,0.0,354.0,455.0,0.0,0.0,4.0,0.0,4.0,4.0,0.0,17.0,86.0,49797.0,0.0,0.0,3.0,0.0,0.0,13.0,0.0,0.0,0.0,0.0,0.0,21.0,0.0,1389.0,13776.0,0.0,157.0,1169.0,0.0,0.0,10.0,12.0,13.0,20.0,0.0,2.0,0.0,460.0,0.0,0.0,19.0,1.0,64.0,1.0,0.0,2.0,0.0,26.0,23.0,0.0,0.0,0.0,0.0,33.0,0.0,0.0,1988.0,0.0,0.0,0.0,0.0,58.0,0.0,595.0,0.0,0.0,0.0,4.0,26.0,0.0,0.0,31.0,24.0,0.0,0.0,0.0,275.0,4.0,0.0,2.0,0.0,115.0,0.0,4.0,13.0,1402.0,0.0,121.0,1812.0,0.0,0.0,1.0,0.0,36.0,3.0,0.0,0.0,0.0,14.0,0.0,0.0,210.0,156.0,20463.0,162.0,4.0,0.0,0.0,18.0,0.0,206.0,1.0,0.0,0.0,1.0,0.0,0.0,0.0,0.0,0.0,0.0,353.0,0.0,1.0,0.0,1038.0,0.0,0.0,0.0,0.0,0.0,0.0,2.0,361.0,0.0,5.0,0.0,0.0,0.0,5.0,0.0,0.0,21.0,0.0,3487.0,0.0,458.0,6549.0,27039.0,15376.0,0.0,13122.0,0.0,0.0,981.0,29.0,27.0,25.0
1984-01-01,0.0,555.0,5135.0,4.0,0.0,3.0,3546.0,0.0,12.0,13.0,0.0,0.0,0.0,0.0,0.0,0.0,4.0,0.0,2.0,383.0,1209.0,0.0,0.0,0.0,0.0,0.0,0.0,0.0,25.0,2860.0,0.0,0.0,19.0,0.0,1.0,8.0,0.0,154.0,3418.0,0.0,412.0,0.0,0.0,0.0,54.0,0.0,0.0,0.0,0.0,0.0,0.0,0.0,0.0,8.0,3.0,0.0,0.0,142.0,108.0,77.0,727.0,5303.0,0.0,1.0,0.0,524.0,224.0,0.0,0.0,2.0,0.0,11.0,4.0,0.0,37.0,60.0,45235.0,0.0,0.0,0.0,0.0,0.0,3.0,0.0,0.0,0.0,0.0,0.0,25.0,0.0,1792.0,17055.0,0.0,128.0,1378.0,0.0,0.0,7.0,8.0,0.0,15.0,0.0,0.0,0.0,410.0,0.0,0.0,16.0,0.0,30.0,0.0,0.0,0.0,0.0,20.0,16.0,0.0,0.0,0.0,0.0,20.0,0.0,0.0,1799.0,0.0,0.0,0.0,0.0,29.0,0.0,353.0,0.0,0.0,0.0,3.0,80.0,0.0,0.0,33.0,17.0,0.0,0.0,0.0,733.0,0.0,0.0,1.0,0.0,1293.0,0.0,2.0,9.0,670.0,0.0,127.0,1968.0,0.0,0.0,0.0,0.0,10.0,10.0,0.0,0.0,0.0,19.0,0.0,1.0,128.0,166.0,22762.0,0.0,0.0,0.0,804.0,15.0,0.0,58.0,0.0,0.0,0.0,0.0,0.0,0.0,14.0,0.0,0.0,0.0,448.0,0.0,4.0,0.0,1021.0,0.0,0.0,0.0,0.0,0.0,0.0,4.0,155.0,0.0,0.0,0.0,0.0,0.0,1.0,0.0,0.0,24.0,0.0,2389.0,0.0,411.0,5285.0,27607.0,11384.0,0.0,8265.0,0.0,0.0,997.0,44.0,16.0,27.0
1985-01-01,0.0,3179.0,5060.0,9.0,0.0,3.0,3263.0,0.0,12.0,10.0,0.0,0.0,0.0,17.0,1.0,0.0,14.0,0.0,16.0,51.0,204.0,0.0,0.0,0.0,0.0,0.0,0.0,0.0,31.0,2304.0,0.0,0.0,4.0,1.0,0.0,9.0,0.0,223.0,1423.0,0.0,41.0,0.0,0.0,0.0,252.0,0.0,1.0,0.0,0.0,0.0,0.0,0.0,0.0,4.0,1.0,0.0,1.0,100.0,66.0,44.0,663.0,8622.0,0.0,0.0,0.0,99.0,230.0,0.0,0.0,4.0,0.0,7.0,4.0,0.0,1.0,0.0,42335.0,0.0,0.0,0.0,0.0,0.0,17.0,0.0,0.0,0.0,0.0,0.0,55.0,1.0,1161.0,15685.0,0.0,143.0,1348.0,0.0,0.0,5.0,7.0,0.0,9.0,0.0,0.0,0.0,367.0,0.0,0.0,2.0,0.0,23.0,0.0,0.0,0.0,0.0,10.0,26.0,0.0,0.0,0.0,0.0,11.0,0.0,0.0,1963.0,0.0,4.0,0.0,0.0,259.0,0.0,268.0,0.0,0.0,0.0,1.0,129.0,0.0,1.0,0.0,39.0,0.0,0.0,269.0,1996.0,2.0,0.0,0.0,0.0,1156.0,0.0,0.0,6.0,1450.0,0.0,140.0,1669.0,0.0,0.0,0.0,0.0,51.0,27.0,0.0,0.0,0.0,1.0,0.0,15.0,65.0,342.0,19250.0,0.0,0.0,0.0,0.0,4.0,0.0,19.0,0.0,0.0,0.0,0.0,0.0,0.0,10.0,0.0,0.0,0.0,400.0,0.0,10.0,0.0,762.0,0.0,0.0,0.0,0.0,0.0,0.0,2.0,145.0,0.0,0.0,0.0,0.0,0.0,3.0,0.0,0.0,31.0,0.0,2361.0,0.0,428.0,7503.0,26219.0,8055.0,0.0,5910.0,0.0,0.0,981.0,46.0,35.0,4.0
1986-01-01,0.0,1053.0,2625.0,3.0,0.0,4.0,2408.0,0.0,26.0,14.0,0.0,0.0,0.0,44.0,0.0,0.0,3.0,0.0,6.0,42.0,1124.0,0.0,0.0,0.0,0.0,0.0,0.0,0.0,15.0,1804.0,0.0,0.0,7.0,0.0,4.0,5.0,0.0,290.0,787.0,0.0,8.0,0.0,0.0,0.0,23.0,0.0,0.0,0.0,0.0,0.0,0.0,0.0,0.0,7.0,0.0,0.0,0.0,52.0,30.0,11.0,630.0,6926.0,0.0,2.0,0.0,121.0,77.0,0.0,0.0,4.0,0.0,4.0,4.0,0.0,4.0,0.0,29132.0,0.0,40.0,0.0,0.0,0.0,0.0,0.0,0.0,0.0,0.0,0.0,4.0,2.0,928.0,9426.0,0.0,162.0,350.0,0.0,0.0,3.0,8.0,2.0,9.0,0.0,0.0,0.0,292.0,0.0,0.0,2.0,0.0,37.0,0.0,0.0,0.0,0.0,3.0,14.0,0.0,0.0,0.0,0.0,7.0,0.0,0.0,288.0,0.0,28.0,0.0,0.0,15.0,0.0,159.0,0.0,0.0,0.0,1.0,80.0,0.0,0.0,0.0,28.0,0.0,0.0,35.0,1871.0,0.0,0.0,1.0,0.0,11.0,0.0,1.0,1.0,3179.0,0.0,117.0,1630.0,0.0,0.0,0.0,0.0,3.0,19.0,0.0,0.0,6.0,1.0,0.0,2.0,33.0,892.0,12290.0,0.0,1.0,0.0,0.0,6.0,0.0,6.0,0.0,0.0,0.0,0.0,0.0,0.0,10.0,0.0,0.0,0.0,332.0,0.0,4.0,0.0,632.0,0.0,0.0,0.0,0.0,0.0,0.0,3.0,36.0,0.0,0.0,0.0,0.0,0.0,0.0,0.0,0.0,12.0,0.0,1974.0,0.0,455.0,2961.0,20520.0,5063.0,0.0,4806.0,1.0,0.0,244.0,19.0,19.0,12.0
1987-01-01,0.0,1272.0,1558.0,30.0,0.0,4.0,1778.0,0.0,12.0,10.0,0.0,0.0,0.0,32.0,0.0,0.0,2.0,5.0,47.0,28.0,24.0,0.0,0.0,0.0,0.0,0.0,1.0,0.0,16.0,1284.0,0.0,0.0,3.0,1.0,6.0,4.0,0.0,183.0,427.0,0.0,4.0,0.0,0.0,0.0,45.0,0.0,2.0,0.0,0.0,0.0,0.0,0.0,0.0,8.0,0.0,0.0,0.0,77.0,35.0,18.0,368.0,6203.0,0.0,0.0,0.0,271.0,60.0,0.0,0.0,2.0,0.0,20.0,2.0,0.0,37.0,5.0,27754.0,0.0,0.0,0.0,0.0,0.0,0.0,0.0,0.0,0.0,0.0,0.0,7.0,0.0,268.0,12952.0,0.0,480.0,314.0,0.0,0.0,1.0,2.0,2.0,7.0,0.0,0.0,0.0,88.0,0.0,0.0,1.0,1.0,189.0,0.0,0.0,0.0,0.0,0.0,4.0,0.0,0.0,0.0,0.0,7.0,0.0,0.0,174.0,0.0,31.0,1.0,0.0,50.0,0.0,313.0,0.0,0.0,0.0,1.0,51.0,0.0,0.0,0.0,26.0,0.0,0.0,22.0,715.0,0.0,0.0,0.0,0.0,15.0,0.0,2.0,0.0,2720.0,0.0,54.0,1443.0,0.0,0.0,1.0,0.0,6.0,19.0,0.0,0.0,7.0,2.0,0.0,1.0,21.0,310.0,14111.0,0.0,1.0,0.0,10.0,2.0,0.0,7.0,0.0,0.0,0.0,0.0,0.0,0.0,3.0,0.0,0.0,0.0,303.0,0.0,0.0,0.0,536.0,0.0,0.0,0.0,0.0,0.0,0.0,3.0,26.0,0.0,0.0,0.0,0.0,0.0,3.0,0.0,0.0,22.0,0.0,1827.0,0.0,304.0,2562.0,20884.0,3711.0,0.0,4044.0,0.0,0.0,376.0,28.0,14.0,0.0
1988-01-01,0.0,661.0,2925.0,38.0,0.0,3.0,1394.0,0.0,15.0,8.0,0.0,0.0,0.0,61.0,0.0,0.0,3.0,0.0,14.0,15.0,613.0,0.0,0.0,0.0,0.0,0.0,0.0,0.0,9.0,987.0,0.0,0.0,1.0,1.0,10.0,4.0,0.0,132.0,267.0,0.0,0.0,0.0,0.0,0.0,23.0,0.0,0.0,0.0,0.0,0.0,0.0,0.0,0.0,4.0,4.0,0.0,0.0,105.0,5.0,8.0,184.0,4955.0,0.0,0.0,0.0,60.0,25.0,0.0,0.0,0.0,0.0,3.0,2.0,0.0,43.0,5.0,31526.0,0.0,1.0,0.0,0.0,1.0,0.0,0.0,0.0,0.0,0.0,0.0,29.0,0.0,2079.0,16472.0,0.0,288.0,415.0,0.0,1.0,0.0,6.0,0.0,9.0,0.0,0.0,0.0,13.0,0.0,0.0,0.0,0.0,23.0,0.0,0.0,1.0,0.0,0.0,72.0,0.0,0.0,0.0,0.0,1.0,0.0,0.0,544.0,0.0,2.0,0.0,0.0,1.0,0.0,231.0,0.0,24.0,0.0,3.0,113.0,0.0,0.0,0.0,20.0,0.0,0.0,19.0,1930.0,0.0,0.0,0.0,0.0,13.0,0.0,0.0,0.0,2011.0,0.0,36.0,1202.0,0.0,0.0,1.0,0.0,1.0,12.0,0.0,0.0,0.0,2.0,0.0,0.0,14.0,845.0,19625.0,0.0,0.0,0.0,0.0,0.0,0.0,3.0,0.0,0.0,0.0,0.0,0.0,0.0,0.0,0.0,0.0,0.0,203.0,0.0,0.0,0.0,216.0,0.0,0.0,0.0,0.0,0.0,0.0,0.0,11.0,0.0,0.0,4.0,0.0,0.0,2.0,0.0,0.0,30.0,0.0,983.0,0.0,248.0,2622.0,24026.0,4540.0,0.0,2602.0,0.0,0.0,310.0,19.0,22.0,0.0
1989-01-01,0.0,286.0,6009.0,105.0,0.0,5.0,1077.0,0.0,4.0,20.0,0.0,0.0,0.0,1.0,0.0,0.0,2.0,0.0,59.0,13.0,1229.0,0.0,0.0,0.0,0.0,0.0,0.0,0.0,11.0,801.0,0.0,0.0,40.0,1.0,0.0,3.0,0.0,47.0,343.0,0.0,0.0,0.0,0.0,0.0,42.0,0.0,0.0,0.0,0.0,0.0,0.0,0.0,0.0,5.0,0.0,0.0,0.0,29.0,4.0,4.0,110.0,6285.0,0.0,0.0,0.0,10.0,41.0,0.0,0.0,1.0,0.0,16.0,2.0,0.0,38.0,25.0,29779.0,0.0,0.0,0.0,0.0,0.0,10.0,0.0,0.0,0.0,0.0,0.0,2.0,0.0,1603.0,11152.0,0.0,263.0,238.0,0.0,0.0,5.0,1.0,1.0,4.0,0.0,0.0,0.0,70.0,0.0,0.0,0.0,0.0,14.0,0.0,0.0,0.0,0.0,0.0,80.0,0.0,0.0,0.0,0.0,14.0,0.0,0.0,246.0,0.0,6.0,0.0,0.0,13.0,0.0,199.0,0.0,7.0,0.0,1.0,137.0,0.0,0.0,0.0,35.0,0.0,0.0,75.0,5039.0,0.0,0.0,0.0,0.0,3.0,0.0,0.0,0.0,167.0,0.0,68.0,940.0,0.0,0.0,0.0,0.0,1.0,8.0,0.0,0.0,0.0,5.0,0.0,3.0,8.0,382.0,14313.0,0.0,1.0,0.0,0.0,0.0,0.0,24.0,0.0,0.0,0.0,0.0,0.0,0.0,0.0,0.0,0.0,0.0,173.0,0.0,0.0,0.0,87.0,0.0,0.0,0.0,0.0,0.0,0.0,0.0,17.0,0.0,0.0,78.0,0.0,0.0,3.0,0.0,0.0,22.0,0.0,639.0,0.0,90.0,5911.0,20126.0,3620.0,0.0,2054.0,0.0,0.0,4615.0,12.0,52.0,0.0
1990-01-01,0.0,368.0,2588.0,64.0,0.0,17.0,826.0,0.0,0.0,31.0,7.0,0.0,0.0,7.0,0.0,4.0,0.0,0.0,0.0,0.0,711.0,0.0,0.0,0.0,0.0,22.0,1.0,0.0,4.0,640.0,0.0,0.0,0.0,0.0,0.0,5.0,0.0,36.0,421.0,0.0,0.0,0.0,0.0,0.0,16.0,0.0,0.0,0.0,0.0,0.0,0.0,0.0,0.0,6.0,0.0,0.0,0.0,27.0,30.0,3.0,59.0,3604.0,0.0,0.0,0.0,61.0,1471.0,0.0,0.0,0.0,0.0,0.0,2.0,0.0,66.0,37.0,22133.0,0.0,0.0,0.0,0.0,0.0,2.0,0.0,0.0,0.0,0.0,0.0,0.0,1.0,2200.0,8425.0,0.0,373.0,10.0,0.0,0.0,2.0,3.0,0.0,5.0,28.0,1.0,6.0,179.0,0.0,0.0,0.0,0.0,9.0,0.0,0.0,0.0,0.0,0.0,37.0,0.0,0.0,3.0,0.0,0.0,0.0,6.0,252.0,0.0,0.0,0.0,0.0,5.0,0.0,181.0,0.0,1.0,0.0,0.0,18.0,0.0,0.0,0.0,9.0,0.0,0.0,102.0,1768.0,0.0,0.0,0.0,0.0,7.0,0.0,0.0,0.0,1371.0,0.0,44.0,921.0,0.0,0.0,0.0,0.0,0.0,10.0,0.0,1.0,0.0,0.0,1211.0,14.0,1.0,1342.0,11582.0,0.0,1.0,0.0,0.0,0.0,0.0,0.0,0.0,0.0,0.0,0.0,0.0,0.0,0.0,0.0,0.0,0.0,80.0,0.0,0.0,0.0,58.0,11.0,0.0,4.0,0.0,0.0,0.0,0.0,20.0,0.0,0.0,95.0,109.0,0.0,4.0,12.0,0.0,0.0,0.0,509.0,0.0,1285.0,2258.0,14400.0,4130.0,0.0,2062.0,0.0,0.0,0.0,34.0,4.0,0.0
1991-01-01,0.0,21.0,2995.0,40.0,0.0,23.0,600.0,0.0,9.0,2.0,0.0,0.0,0.0,8.0,0.0,66.0,1.0,0.0,30.0,0.0,801.0,0.0,0.0,0.0,0.0,26.0,0.0,0.0,2.0,495.0,0.0,0.0,1.0,1.0,0.0,3.0,0.0,25.0,231.0,0.0,0.0,0.0,0.0,0.0,10.0,0.0,0.0,0.0,0.0,0.0,0.0,0.0,0.0,2.0,0.0,0.0,0.0,11.0,9.0,5.0,55.0,1215.0,0.0,0.0,7.0,0.0,3207.0,0.0,0.0,0.0,0.0,0.0,1.0,7.0,0.0,0.0,24738.0,0.0,12.0,0.0,0.0,0.0,1.0,0.0,0.0,0.0,0.0,0.0,0.0,0.0,1342.0,12550.0,0.0,335.0,261.0,0.0,0.0,1.0,0.0,0.0,2.0,30.0,0.0,10.0,11.0,0.0,0.0,0.0,0.0,2.0,0.0,0.0,0.0,0.0,1.0,1.0,1.0,0.0,5.0,0.0,1.0,0.0,14.0,0.0,0.0,1.0,0.0,0.0,6.0,0.0,114.0,0.0,1.0,0.0,2.0,0.0,0.0,0.0,30.0,12.0,0.0,1.0,0.0,2849.0,0.0,0.0,1.0,0.0,15.0,0.0,0.0,2.0,26.0,0.0,35.0,1004.0,0.0,0.0,0.0,0.0,0.0,4.0,0.0,0.0,0.0,0.0,1869.0,1.0,2.0,432.0,14877.0,0.0,1.0,0.0,0.0,0.0,0.0,0.0,0.0,0.0,0.0,0.0,0.0,0.0,0.0,0.0,0.0,0.0,70.0,0.0,0.0,0.0,53.0,5.0,0.0,4.0,0.0,0.0,1.0,0.0,16.0,61.0,0.0,0.0,1103.0,0.0,5.0,16.0,0.0,0.0,0.0,511.0,0.0,1946.0,576.0,18046.0,4171.0,0.0,1844.0,0.0,0.0,1.0,12.0,0.0,1.0
1992-01-01,0.0,0.0,2869.0,0.0,0.0,48.0,451.0,0.0,7.0,4.0,0.0,0.0,0.0,14.0,0.0,72.0,30.0,0.0,0.0,0.0,855.0,0.0,0.0,0.0,0.0,66.0,0.0,0.0,20.0,276.0,0.0,0.0,4.0,0.0,0.0,2.0,0.0,12.0,146.0,0.0,0.0,0.0,0.0,0.0,76.0,0.0,0.0,0.0,0.0,0.0,0.0,0.0,0.0,1.0,0.0,0.0,0.0,31.0,16.0,10.0,44.0,1066.0,0.0,0.0,3.0,0.0,5812.0,0.0,0.0,0.0,0.0,463.0,3.0,3.0,4.0,0.0,20851.0,0.0,0.0,0.0,0.0,0.0,3.0,0.0,0.0,0.0,0.0,0.0,0.0,0.0,129.0,8115.0,0.0,90.0,369.0,0.0,0.0,0.0,0.0,0.0,0.0,45.0,0.0,4.0,13.0,0.0,0.0,1.0,0.0,5.0,0.0,0.0,0.0,0.0,0.0,0.0,9.0,0.0,8.0,0.0,0.0,0.0,22.0,0.0,0.0,0.0,0.0,0.0,0.0,0.0,54.0,0.0,0.0,0.0,2.0,0.0,0.0,0.0,0.0,4.0,0.0,0.0,0.0,2351.0,0.0,0.0,0.0,1.0,16.0,0.0,0.0,1.0,72.0,0.0,6.0,759.0,0.0,0.0,1.0,0.0,3.0,6.0,0.0,0.0,0.0,0.0,3897.0,0.0,2.0,121.0,9213.0,0.0,1.0,0.0,0.0,0.0,0.0,0.0,0.0,0.0,0.0,0.0,0.0,0.0,0.0,0.0,0.0,0.0,91.0,0.0,0.0,0.0,40.0,14.0,0.0,22.0,0.0,0.0,0.0,0.0,8.0,0.0,0.0,0.0,1553.0,0.0,4.0,29.0,0.0,1.0,0.0,497.0,0.0,3970.0,513.0,12856.0,3511.0,0.0,1440.0,0.0,0.0,269.0,3.0,0.0,0.0
1993-01-01,0.0,0.0,2357.0,23.0,0.0,18.0,350.0,0.0,3.0,3.0,1.0,0.0,0.0,39.0,1.0,170.0,0.0,0.0,0.0,0.0,497.0,6.0,0.0,0.0,0.0,120.0,0.0,0.0,4.0,252.0,0.0,0.0,0.0,0.0,0.0,2.0,0.0,8.0,124.0,0.0,0.0,0.0,0.0,0.0,45.0,0.0,0.0,0.0,0.0,0.0,0.0,0.0,1.0,9.0,0.0,0.0,0.0,6.0,264.0,13.0,29.0,405.0,0.0,0.0,11.0,0.0,19601.0,4.0,0.0,1.0,0.0,18.0,5.0,28.0,5.0,0.0,31242.0,0.0,0.0,0.0,1.0,0.0,0.0,0.0,0.0,0.0,0.0,0.0,0.0,0.0,82.0,7131.0,0.0,32.0,239.0,0.0,0.0,0.0,0.0,0.0,5.0,82.0,0.0,6.0,22.0,0.0,0.0,0.0,0.0,4.0,0.0,0.0,0.0,0.0,1.0,0.0,8.0,0.0,12.0,0.0,0.0,0.0,35.0,0.0,0.0,0.0,0.0,0.0,0.0,0.0,92.0,0.0,6.0,0.0,0.0,0.0,0.0,0.0,0.0,4.0,0.0,0.0,0.0,2042.0,0.0,0.0,0.0,0.0,4.0,0.0,0.0,0.0,34.0,0.0,10.0,323.0,0.0,0.0,10.0,0.0,0.0,6.0,0.0,1.0,0.0,0.0,15229.0,0.0,8.0,42.0,7835.0,0.0,0.0,0.0,0.0,0.0,0.0,0.0,0.0,0.0,0.0,0.0,0.0,0.0,0.0,0.0,0.0,0.0,16.0,0.0,0.0,0.0,28.0,678.0,0.0,3.0,0.0,0.0,1.0,2.0,49.0,0.0,0.0,0.0,2976.0,0.0,0.0,137.0,0.0,0.0,0.0,167.0,0.0,15365.0,58.0,11201.0,4619.0,0.0,694.0,0.0,0.0,0.0,5.0,0.0,0.0
1994-01-01,0.0,0.0,1439.0,0.0,0.0,14.0,877.0,0.0,2.0,3.0,36.0,0.0,0.0,0.0,0.0,841.0,0.0,0.0,0.0,0.0,295.0,1.0,0.0,0.0,0.0,230.0,0.0,0.0,5.0,245.0,0.0,0.0,0.0,0.0,0.0,1.0,0.0,4.0,119.0,0.0,0.0,0.0,0.0,0.0,14.0,0.0,0.0,0.0,0.0,0.0,0.0,0.0,0.0,8.0,0.0,0.0,0.0,4.0,951.0,565.0,18.0,312.0,0.0,0.0,7.0,0.0,47874.0,1.0,0.0,0.0,0.0,0.0,4.0,312.0,0.0,0.0,54816.0,0.0,0.0,0.0,1.0,0.0,0.0,0.0,0.0,0.0,0.0,0.0,0.0,0.0,64.0,3040.0,0.0,14.0,132.0,0.0,0.0,1.0,2.0,1.0,0.0,489.0,0.0,304.0,5.0,0.0,0.0,0.0,0.0,193.0,0.0,0.0,0.0,0.0,0.0,0.0,38.0,0.0,250.0,0.0,0.0,0.0,376.0,0.0,0.0,0.0,0.0,0.0,0.0,0.0,46.0,0.0,14.0,0.0,0.0,0.0,0.0,0.0,0.0,0.0,0.0,0.0,0.0,469.0,0.0,0.0,0.0,0.0,16.0,0.0,0.0,0.0,28.0,0.0,31.0,316.0,0.0,0.0,2.0,0.0,0.0,1.0,0.0,1.0,0.0,0.0,39703.0,0.0,1.0,79.0,3501.0,0.0,0.0,0.0,0.0,0.0,0.0,0.0,0.0,0.0,0.0,0.0,0.0,0.0,0.0,0.0,0.0,0.0,31.0,0.0,0.0,0.0,40.0,1912.0,0.0,60.0,0.0,0.0,0.0,0.0,49.0,0.0,0.0,0.0,3003.0,0.0,2.0,232.0,0.0,0.0,0.0,166.0,0.0,40027.0,116.0,7065.0,7609.0,0.0,813.0,0.0,0.0,6.0,0.0,0.0,19.0
1995-01-01,0.0,0.0,229.0,0.0,0.0,4.0,367.0,0.0,0.0,3.0,29.0,0.0,0.0,0.0,0.0,883.0,0.0,3.0,0.0,0.0,282.0,0.0,0.0,0.0,0.0,322.0,0.0,0.0,5.0,171.0,0.0,0.0,0.0,0.0,0.0,2.0,0.0,2.0,85.0,0.0,0.0,0.0,0.0,0.0,12.0,0.0,0.0,0.0,0.0,0.0,0.0,0.0,1.0,4.0,0.0,0.0,0.0,13.0,0.0,154.0,10.0,295.0,0.0,0.0,19.0,45.0,50433.0,3.0,0.0,0.0,0.0,0.0,1.0,429.0,0.0,0.0,56965.0,0.0,0.0,0.0,0.0,0.0,0.0,0.0,0.0,0.0,0.0,0.0,0.0,0.0,597.0,2123.0,0.0,9.0,133.0,0.0,0.0,1.0,0.0,0.0,0.0,1105.0,0.0,704.0,0.0,0.0,0.0,0.0,0.0,0.0,1.0,0.0,0.0,0.0,0.0,0.0,43.0,0.0,369.0,0.0,0.0,0.0,418.0,179.0,0.0,0.0,0.0,0.0,1.0,0.0,28.0,0.0,128.0,0.0,0.0,0.0,0.0,0.0,0.0,1.0,0.0,0.0,4.0,0.0,0.0,0.0,1.0,0.0,2038.0,0.0,0.0,0.0,9.0,0.0,4.0,173.0,0.0,0.0,2.0,0.0,0.0,1.0,0.0,0.0,0.0,0.0,35631.0,0.0,1.0,17.0,5087.0,0.0,0.0,0.0,0.0,0.0,0.0,0.0,0.0,0.0,0.0,0.0,0.0,0.0,0.0,0.0,0.0,0.0,61.0,0.0,0.0,0.0,19.0,4455.0,0.0,87.0,0.0,0.0,0.0,0.0,4.0,0.0,0.0,0.0,5277.0,0.0,0.0,638.0,0.0,0.0,0.0,167.0,0.0,36083.0,316.0,10633.0,9888.0,0.0,554.0,0.0,0.0,54.0,0.0,0.0,0.0
1996-01-01,0.0,0.0,2282.0,0.0,0.0,4.0,224.0,0.0,0.0,0.0,11.0,0.0,0.0,0.0,0.0,146.0,0.0,0.0,0.0,0.0,164.0,0.0,0.0,0.0,0.0,179.0,0.0,0.0,1.0,181.0,0.0,0.0,0.0,0.0,0.0,0.0,0.0,1.0,0.0,0.0,0.0,0.0,0.0,0.0,7.0,0.0,0.0,0.0,0.0,0.0,0.0,0.0,0.0,3.0,0.0,0.0,0.0,6.0,107.0,22.0,6.0,522.0,0.0,0.0,14.0,0.0,20414.0,3.0,0.0,0.0,0.0,0.0,4.0,348.0,3.0,0.0,28624.0,0.0,0.0,0.0,0.0,0.0,0.0,0.0,0.0,0.0,0.0,0.0,0.0,0.0,562.0,2504.0,0.0,13.0,460.0,0.0,1.0,1.0,0.0,0.0,1.0,455.0,0.0,412.0,0.0,0.0,0.0,0.0,0.0,319.0,0.0,0.0,0.0,0.0,1.0,0.0,11.0,0.0,112.0,0.0,0.0,0.0,94.0,154.0,0.0,0.0,0.0,0.0,0.0,0.0,15.0,0.0,48.0,0.0,1.0,0.0,0.0,0.0,0.0,0.0,0.0,0.0,0.0,2016.0,0.0,0.0,0.0,0.0,1372.0,0.0,0.0,0.0,13.0,0.0,4.0,0.0,0.0,0.0,9.0,0.0,0.0,0.0,0.0,0.0,0.0,0.0,13687.0,0.0,0.0,17.0,4671.0,0.0,0.0,0.0,0.0,0.0,0.0,0.0,0.0,0.0,0.0,0.0,0.0,0.0,0.0,0.0,0.0,0.0,13.0,0.0,0.0,1.0,53.0,1496.0,0.0,80.0,0.0,0.0,0.0,0.0,22.0,0.0,0.0,0.0,3159.0,0.0,2.0,163.0,0.0,0.0,0.0,143.0,0.0,13849.0,186.0,8628.0,5961.0,0.0,511.0,0.0,0.0,0.0,0.0,0.0,0.0
1997-01-01,0.0,0.0,117.0,0.0,0.0,0.0,94.0,0.0,0.0,0.0,12.0,0.0,0.0,0.0,0.0,38.0,0.0,0.0,0.0,0.0,96.0,0.0,0.0,0.0,0.0,96.0,0.0,0.0,3.0,32.0,0.0,0.0,0.0,0.0,0.0,1.0,0.0,0.0,35.0,0.0,0.0,0.0,0.0,0.0,3.0,0.0,0.0,0.0,0.0,0.0,0.0,0.0,0.0,3.0,0.0,0.0,0.0,25.0,30.0,21.0,1.0,423.0,0.0,0.0,3.0,0.0,7179.0,0.0,0.0,0.0,0.0,0.0,0.0,286.0,0.0,0.0,14767.0,0.0,2.0,0.0,0.0,0.0,1.0,0.0,0.0,0.0,0.0,0.0,0.0,0.0,4355.0,1326.0,0.0,30.0,290.0,0.0,0.0,0.0,0.0,0.0,0.0,162.0,0.0,292.0,0.0,0.0,0.0,0.0,0.0,10.0,1.0,0.0,0.0,0.0,3.0,0.0,2.0,0.0,42.0,0.0,0.0,0.0,49.0,51.0,0.0,0.0,0.0,0.0,0.0,0.0,5.0,0.0,69.0,0.0,0.0,0.0,0.0,0.0,0.0,1.0,0.0,0.0,31.0,0.0,0.0,0.0,1.0,0.0,726.0,0.0,0.0,0.0,26.0,0.0,2.0,138.0,0.0,0.0,0.0,0.0,0.0,0.0,0.0,0.0,0.0,0.0,4037.0,0.0,1.0,15.0,6549.0,0.0,0.0,0.0,0.0,0.0,0.0,0.0,0.0,0.0,0.0,0.0,0.0,0.0,1.0,0.0,0.0,0.0,59.0,0.0,0.0,0.0,38.0,723.0,0.0,38.0,0.0,0.0,1.0,0.0,2.0,0.0,0.0,0.0,1364.0,0.0,5.0,28.0,0.0,0.0,0.0,152.0,0.0,4097.0,158.0,3530.0,6982.0,0.0,405.0,0.0,0.0,0.0,3.0,0.0,0.0
1998-01-01,0.0,84.0,931.0,0.0,0.0,0.0,278.0,0.0,0.0,2.0,5.0,0.0,0.0,0.0,0.0,20.0,0.0,0.0,0.0,0.0,123.0,0.0,0.0,0.0,0.0,36.0,0.0,0.0,8.0,217.0,0.0,0.0,0.0,0.0,0.0,0.0,0.0,0.0,40.0,0.0,0.0,0.0,0.0,0.0,2.0,0.0,0.0,0.0,0.0,0.0,0.0,0.0,0.0,1.0,2.0,0.0,0.0,25.0,57.0,21.0,3.0,399.0,0.0,0.0,0.0,19.0,2779.0,0.0,0.0,0.0,0.0,0.0,0.0,114.0,0.0,0.0,7441.0,0.0,0.0,0.0,0.0,0.0,0.0,0.0,0.0,0.0,0.0,0.0,0.0,0.0,14.0,1378.0,0.0,13.0,181.0,0.0,1.0,0.0,0.0,0.0,1.0,75.0,3.0,138.0,0.0,0.0,0.0,0.0,0.0,8.0,0.0,0.0,0.0,0.0,0.0,0.0,2.0,0.0,67.0,0.0,0.0,0.0,11.0,112.0,0.0,0.0,0.0,0.0,0.0,0.0,22.0,0.0,50.0,0.0,0.0,0.0,0.0,0.0,0.0,5.0,3.0,1.0,25.0,708.0,0.0,0.0,0.0,0.0,511.0,0.0,1.0,0.0,20.0,0.0,2.0,83.0,0.0,645.0,0.0,0.0,0.0,0.0,0.0,0.0,0.0,0.0,1409.0,0.0,0.0,67.0,2091.0,0.0,0.0,0.0,0.0,0.0,0.0,0.0,0.0,0.0,0.0,0.0,0.0,0.0,0.0,0.0,0.0,0.0,5.0,0.0,0.0,0.0,43.0,166.0,0.0,18.0,0.0,0.0,0.0,0.0,6.0,0.0,0.0,0.0,706.0,0.0,1.0,4.0,0.0,0.0,0.0,130.0,0.0,1484.0,317.0,3955.0,1667.0,0.0,963.0,0.0,0.0,24.0,4.0,0.0,0.0
1999-01-01,0.0,297.0,226.0,0.0,0.0,2.0,122.0,0.0,1.0,0.0,3.0,0.0,0.0,0.0,0.0,19.0,0.0,0.0,0.0,0.0,58.0,0.0,0.0,0.0,0.0,38.0,0.0,0.0,2.0,53.0,0.0,0.0,142.0,0.0,0.0,1.0,0.0,0.0,16.0,0.0,0.0,0.0,0.0,0.0,0.0,0.0,0.0,0.0,0.0,0.0,0.0,0.0,0.0,1.0,2.0,0.0,0.0,44.0,17.0,5.0,2.0,494.0,0.0,0.0,0.0,125.0,1614.0,0.0,0.0,0.0,0.0,0.0,0.0,60.0,0.0,0.0,4810.0,0.0,0.0,0.0,0.0,0.0,0.0,0.0,0.0,0.0,0.0,0.0,8.0,0.0,114.0,1786.0,0.0,13.0,142.0,0.0,3.0,0.0,0.0,0.0,0.0,17.0,13.0,66.0,0.0,0.0,0.0,0.0,0.0,6.0,0.0,0.0,0.0,0.0,0.0,0.0,6.0,0.0,81.0,0.0,0.0,0.0,11.0,0.0,0.0,0.0,0.0,0.0,0.0,0.0,18.0,0.0,11.0,0.0,0.0,0.0,0.0,0.0,0.0,6.0,0.0,0.0,0.0,0.0,0.0,0.0,1.0,0.0,0.0,0.0,0.0,0.0,12.0,0.0,8.0,64.0,0.0,0.0,0.0,0.0,0.0,0.0,0.0,0.0,0.0,0.0,838.0,0.0,0.0,21.0,2170.0,0.0,0.0,0.0,0.0,0.0,0.0,0.0,0.0,0.0,0.0,0.0,0.0,0.0,0.0,0.0,0.0,0.0,1.0,0.0,0.0,0.0,52.0,35.0,0.0,49.0,0.0,0.0,0.0,0.0,4.0,0.0,0.0,0.0,375.0,0.0,1.0,5.0,0.0,0.0,0.0,81.0,0.0,933.0,322.0,2371.0,1059.0,0.0,184.0,0.0,0.0,3.0,0.0,68.0,3.0
2000-01-01,0.0,84.0,4038.0,0.0,0.0,4.0,113.0,0.0,0.0,0.0,0.0,0.0,0.0,0.0,0.0,7.0,0.0,0.0,0.0,0.0,21.0,0.0,0.0,0.0,0.0,52.0,0.0,0.0,1.0,46.0,0.0,0.0,1.0,2.0,0.0,0.0,0.0,0.0,19.0,0.0,0.0,0.0,0.0,0.0,11.0,0.0,0.0,0.0,0.0,0.0,0.0,0.0,0.0,0.0,0.0,0.0,0.0,52.0,0.0,1.0,0.0,175.0,0.0,0.0,2.0,0.0,1585.0,0.0,0.0,0.0,0.0,0.0,2.0,28.0,0.0,0.0,11625.0,0.0,0.0,0.0,0.0,0.0,0.0,0.0,0.0,0.0,0.0,0.0,0.0,0.0,23.0,5125.0,0.0,18.0,34.0,0.0,0.0,0.0,0.0,0.0,1.0,13.0,15.0,15.0,0.0,0.0,0.0,0.0,0.0,3.0,0.0,0.0,0.0,0.0,0.0,0.0,2.0,0.0,264.0,0.0,0.0,0.0,10.0,12.0,0.0,0.0,0.0,0.0,0.0,0.0,17.0,0.0,4.0,0.0,0.0,0.0,0.0,0.0,0.0,1.0,0.0,0.0,12.0,3995.0,0.0,0.0,0.0,0.0,268.0,0.0,0.0,0.0,13.0,0.0,0.0,88.0,0.0,15.0,1.0,0.0,0.0,0.0,0.0,0.0,0.0,0.0,771.0,0.0,0.0,26.0,5470.0,0.0,0.0,0.0,0.0,0.0,0.0,0.0,0.0,0.0,0.0,0.0,0.0,0.0,0.0,0.0,0.0,0.0,0.0,0.0,0.0,0.0,15.0,11.0,0.0,30.0,0.0,0.0,0.0,0.0,4.0,0.0,0.0,0.0,365.0,0.0,2.0,4.0,0.0,0.0,0.0,113.0,0.0,1045.0,134.0,9705.0,741.0,0.0,244.0,0.0,0.0,0.0,2.0,0.0,0.0
2001-01-01,0.0,0.0,2587.0,0.0,0.0,0.0,68.0,0.0,0.0,0.0,6.0,0.0,0.0,1.0,0.0,0.0,0.0,0.0,0.0,0.0,122.0,0.0,0.0,0.0,0.0,25.0,0.0,0.0,3.0,10.0,0.0,0.0,1.0,0.0,0.0,0.0,0.0,0.0,12.0,0.0,0.0,0.0,0.0,0.0,0.0,0.0,0.0,0.0,0.0,0.0,0.0,0.0,0.0,0.0,0.0,0.0,0.0,47.0,3.0,1.0,0.0,96.0,0.0,0.0,2.0,0.0,1386.0,2.0,0.0,0.0,0.0,0.0,4.0,22.0,0.0,0.0,10725.0,0.0,0.0,0.0,0.0,0.0,0.0,0.0,0.0,0.0,0.0,0.0,5.0,0.0,34.0,5472.0,0.0,15.0,33.0,0.0,0.0,0.0,0.0,0.0,1.0,14.0,6.0,13.0,0.0,0.0,0.0,0.0,0.0,2.0,0.0,0.0,0.0,0.0,15.0,0.0,0.0,0.0,91.0,0.0,0.0,0.0,5.0,12.0,0.0,0.0,0.0,0.0,0.0,0.0,0.0,0.0,6.0,0.0,0.0,0.0,0.0,0.0,0.0,4.0,0.0,0.0,48.0,2468.0,0.0,0.0,0.0,0.0,390.0,0.0,0.0,0.0,19.0,0.0,0.0,73.0,0.0,311.0,0.0,0.0,0.0,1.0,0.0,0.0,0.0,0.0,909.0,0.0,0.0,28.0,6045.0,0.0,0.0,0.0,0.0,0.0,0.0,0.0,0.0,0.0,0.0,0.0,0.0,0.0,0.0,0.0,0.0,0.0,1.0,0.0,0.0,0.0,11.0,3.0,0.0,2.0,0.0,0.0,0.0,0.0,5.0,0.0,0.0,0.0,283.0,0.0,1.0,0.0,0.0,0.0,0.0,133.0,0.0,1011.0,89.0,9086.0,539.0,0.0,543.0,0.0,0.0,0.0,0.0,50.0,0.0
2002-01-01,0.0,854.0,941.0,0.0,0.0,0.0,128.0,0.0,0.0,0.0,1.0,0.0,0.0,0.0,0.0,0.0,0.0,1.0,0.0,0.0,73.0,0.0,0.0,0.0,0.0,7.0,0.0,0.0,5.0,19.0,0.0,0.0,0.0,0.0,0.0,2.0,0.0,0.0,11.0,0.0,0.0,0.0,0.0,0.0,4.0,0.0,0.0,0.0,0.0,0.0,0.0,0.0,0.0,1.0,0.0,0.0,0.0,35.0,0.0,5.0,0.0,924.0,0.0,0.0,0.0,0.0,1189.0,0.0,0.0,1.0,0.0,0.0,6.0,28.0,0.0,114.0,9035.0,0.0,0.0,0.0,0.0,0.0,2.0,0.0,0.0,0.0,0.0,0.0,6.0,0.0,51.0,5301.0,0.0,10.0,0.0,0.0,1.0,0.0,0.0,0.0,0.0,14.0,0.0,3.0,0.0,0.0,0.0,0.0,0.0,40.0,1.0,0.0,2.0,0.0,0.0,0.0,3.0,0.0,45.0,0.0,0.0,0.0,1.0,0.0,0.0,0.0,0.0,0.0,0.0,0.0,50.0,0.0,5.0,0.0,0.0,0.0,0.0,0.0,0.0,2.0,0.0,0.0,11.0,790.0,0.0,0.0,0.0,0.0,108.0,0.0,1.0,0.0,22.0,0.0,0.0,62.0,0.0,26.0,0.0,0.0,0.0,50.0,0.0,0.0,0.0,0.0,778.0,0.0,9.0,26.0,5596.0,0.0,0.0,0.0,0.0,0.0,0.0,0.0,0.0,0.0,0.0,0.0,0.0,0.0,0.0,0.0,0.0,0.0,0.0,0.0,0.0,0.0,13.0,11.0,0.0,1.0,0.0,0.0,0.0,0.0,2.0,0.0,0.0,0.0,285.0,0.0,0.0,0.0,0.0,0.0,0.0,105.0,5.0,848.0,891.0,6747.0,549.0,0.0,257.0,0.0,0.0,0.0,1.0,25.0,0.0
2003-01-01,0.0,79.0,216.0,16.0,0.0,0.0,99.0,0.0,0.0,1.0,0.0,0.0,0.0,0.0,0.0,0.0,0.0,1.0,0.0,0.0,78.0,0.0,0.0,0.0,0.0,6.0,0.0,0.0,3.0,49.0,0.0,0.0,0.0,0.0,0.0,2.0,0.0,0.0,9.0,0.0,0.0,0.0,0.0,0.0,1.0,0.0,0.0,0.0,0.0,0.0,0.0,0.0,0.0,0.0,0.0,0.0,0.0,38.0,7.0,0.0,0.0,287.0,0.0,0.0,0.0,0.0,897.0,0.0,0.0,0.0,0.0,0.0,3.0,26.0,0.0,134.0,7154.0,0.0,0.0,0.0,0.0,0.0,0.0,0.0,0.0,0.0,0.0,0.0,2.0,0.0,402.0,4236.0,0.0,24.0,0.0,0.0,0.0,0.0,0.0,0.0,0.0,4.0,0.0,1.0,3.0,0.0,0.0,0.0,0.0,116.0,0.0,0.0,0.0,0.0,0.0,23.0,0.0,0.0,26.0,0.0,0.0,0.0,0.0,0.0,0.0,0.0,0.0,0.0,0.0,0.0,21.0,0.0,1.0,0.0,0.0,0.0,0.0,0.0,0.0,11.0,0.0,0.0,2.0,0.0,0.0,0.0,0.0,0.0,173.0,0.0,0.0,0.0,26.0,0.0,0.0,88.0,0.0,403.0,0.0,0.0,0.0,2.0,0.0,0.0,0.0,0.0,655.0,0.0,2.0,156.0,4919.0,0.0,0.0,0.0,0.0,0.0,0.0,0.0,0.0,0.0,0.0,0.0,0.0,0.0,0.0,0.0,0.0,0.0,0.0,0.0,0.0,0.0,9.0,14.0,0.0,2.0,0.0,0.0,0.0,0.0,1.0,0.0,0.0,0.0,158.0,0.0,1.0,0.0,0.0,0.0,0.0,105.0,0.0,690.0,237.0,5473.0,754.0,0.0,736.0,0.0,0.0,0.0,3.0,31.0,0.0
2004-01-01,0.0,26.0,23.0,0.0,0.0,0.0,181.0,0.0,0.0,0.0,0.0,0.0,0.0,0.0,0.0,0.0,0.0,0.0,0.0,0.0,117.0,0.0,0.0,0.0,0.0,15.0,0.0,0.0,2.0,15.0,0.0,0.0,0.0,0.0,0.0,1.0,0.0,0.0,2.0,0.0,0.0,0.0,0.0,0.0,0.0,0.0,0.0,0.0,0.0,0.0,0.0,0.0,0.0,1.0,0.0,0.0,0.0,122.0,8.0,0.0,0.0,145.0,3.0,0.0,0.0,0.0,688.0,0.0,0.0,5.0,0.0,0.0,0.0,12.0,0.0,8.0,10069.0,0.0,0.0,0.0,0.0,0.0,0.0,0.0,0.0,0.0,0.0,0.0,37.0,0.0,197.0,8465.0,0.0,6.0,17.0,0.0,0.0,0.0,0.0,0.0,0.0,0.0,0.0,2.0,4.0,0.0,0.0,0.0,0.0,11.0,0.0,0.0,0.0,0.0,0.0,0.0,0.0,0.0,20.0,0.0,0.0,0.0,0.0,0.0,0.0,0.0,0.0,0.0,0.0,0.0,1.0,0.0,0.0,0.0,0.0,0.0,0.0,0.0,0.0,3.0,0.0,0.0,0.0,0.0,0.0,0.0,0.0,0.0,81.0,0.0,0.0,0.0,24.0,0.0,0.0,89.0,0.0,0.0,0.0,0.0,0.0,4.0,0.0,0.0,0.0,0.0,505.0,0.0,0.0,70.0,8874.0,0.0,0.0,0.0,0.0,0.0,0.0,0.0,0.0,0.0,0.0,0.0,0.0,0.0,0.0,0.0,0.0,0.0,0.0,0.0,0.0,0.0,13.0,3.0,0.0,2.0,0.0,0.0,0.0,0.0,0.0,0.0,0.0,0.0,123.0,0.0,0.0,0.0,0.0,0.0,0.0,49.0,0.0,532.0,101.0,8897.0,539.0,0.0,158.0,0.0,0.0,2.0,0.0,4.0,0.0
2005-01-01,0.0,179.0,54.0,0.0,0.0,0.0,71.0,0.0,0.0,0.0,0.0,0.0,0.0,0.0,0.0,0.0,0.0,0.0,0.0,0.0,125.0,0.0,0.0,0.0,0.0,11.0,0.0,0.0,0.0,27.0,0.0,0.0,0.0,0.0,0.0,0.0,0.0,0.0,0.0,0.0,0.0,0.0,0.0,0.0,1.0,0.0,0.0,0.0,0.0,0.0,0.0,0.0,0.0,1.0,0.0,0.0,0.0,39.0,7.0,0.0,0.0,251.0,0.0,0.0,0.0,0.0,500.0,0.0,0.0,0.0,0.0,0.0,0.0,10.0,0.0,36.0,8137.0,0.0,0.0,0.0,0.0,0.0,0.0,0.0,0.0,0.0,0.0,0.0,3.0,0.0,499.0,5826.0,0.0,15.0,6.0,0.0,0.0,0.0,0.0,0.0,0.0,1.0,0.0,1.0,0.0,0.0,0.0,0.0,0.0,9.0,0.0,0.0,0.0,0.0,0.0,0.0,0.0,0.0,20.0,0.0,0.0,0.0,0.0,0.0,0.0,0.0,0.0,0.0,0.0,0.0,5.0,0.0,0.0,0.0,0.0,0.0,0.0,0.0,0.0,3.0,0.0,1.0,0.0,0.0,0.0,0.0,0.0,0.0,46.0,0.0,0.0,0.0,23.0,0.0,0.0,118.0,0.0,593.0,0.0,0.0,0.0,0.0,0.0,0.0,0.0,0.0,353.0,0.0,7.0,13.0,6502.0,0.0,0.0,0.0,0.0,0.0,0.0,0.0,0.0,0.0,0.0,0.0,0.0,0.0,0.0,0.0,0.0,0.0,0.0,0.0,0.0,0.0,1.0,3.0,0.0,2.0,0.0,0.0,0.0,0.0,0.0,0.0,0.0,0.0,98.0,0.0,0.0,0.0,0.0,1.0,0.0,36.0,0.0,382.0,200.0,6835.0,720.0,0.0,759.0,0.0,0.0,8.0,0.0,11.0,0.0
2006-01-01,0.0,53.0,351.0,0.0,0.0,0.0,30.0,0.0,0.0,0.0,0.0,0.0,0.0,0.0,0.0,0.0,0.0,0.0,0.0,0.0,34.0,0.0,0.0,0.0,0.0,6.0,0.0,0.0,0.0,9.0,0.0,0.0,0.0,0.0,0.0,0.0,0.0,0.0,1.0,0.0,0.0,0.0,0.0,0.0,0.0,0.0,0.0,0.0,0.0,0.0,0.0,0.0,0.0,0.0,0.0,0.0,0.0,16.0,3.0,0.0,0.0,180.0,0.0,0.0,0.0,0.0,320.0,0.0,0.0,3.0,0.0,0.0,3.0,14.0,0.0,0.0,4333.0,0.0,0.0,0.0,0.0,0.0,0.0,0.0,0.0,0.0,0.0,0.0,5.0,0.0,432.0,2834.0,0.0,26.0,6.0,0.0,0.0,0.0,0.0,0.0,0.0,9.0,0.0,2.0,0.0,0.0,0.0,0.0,0.0,2.0,0.0,0.0,0.0,0.0,0.0,0.0,0.0,0.0,32.0,0.0,0.0,0.0,0.0,0.0,0.0,0.0,0.0,0.0,0.0,0.0,3.0,0.0,0.0,0.0,0.0,0.0,0.0,0.0,0.0,0.0,0.0,0.0,29.0,312.0,0.0,0.0,0.0,0.0,72.0,0.0,0.0,0.0,42.0,0.0,0.0,47.0,0.0,0.0,0.0,0.0,0.0,0.0,0.0,0.0,0.0,0.0,178.0,0.0,2.0,15.0,3377.0,0.0,0.0,0.0,0.0,0.0,0.0,0.0,0.0,0.0,0.0,0.0,0.0,0.0,0.0,0.0,0.0,0.0,0.0,0.0,0.0,0.0,2.0,2.0,0.0,3.0,0.0,0.0,0.0,0.0,0.0,0.0,0.0,0.0,68.0,0.0,0.0,0.0,0.0,0.0,0.0,25.0,0.0,218.0,133.0,3387.0,595.0,0.0,75.0,0.0,0.0,36.0,0.0,7.0,0.0
2007-01-01,0.0,104.0,17.0,4.0,0.0,0.0,14.0,0.0,0.0,0.0,0.0,0.0,0.0,0.0,0.0,4.0,0.0,0.0,0.0,0.0,86.0,0.0,0.0,0.0,0.0,5.0,0.0,0.0,0.0,0.0,0.0,0.0,0.0,0.0,0.0,5.0,0.0,0.0,0.0,0.0,0.0,0.0,0.0,0.0,0.0,0.0,0.0,0.0,0.0,0.0,0.0,0.0,0.0,2.0,0.0,0.0,0.0,4.0,0.0,0.0,0.0,170.0,0.0,0.0,0.0,0.0,228.0,0.0,0.0,1.0,0.0,0.0,3.0,9.0,0.0,0.0,4642.0,0.0,0.0,0.0,0.0,0.0,0.0,0.0,0.0,0.0,0.0,0.0,5.0,0.0,183.0,3812.0,0.0,32.0,3.0,0.0,0.0,0.0,0.0,0.0,0.0,5.0,0.0,1.0,5.0,0.0,0.0,0.0,0.0,2.0,0.0,0.0,0.0,0.0,0.0,0.0,0.0,0.0,18.0,0.0,0.0,0.0,0.0,3.0,0.0,0.0,0.0,0.0,0.0,0.0,5.0,0.0,0.0,0.0,0.0,0.0,0.0,0.0,0.0,2.0,0.0,0.0,10.0,0.0,0.0,0.0,0.0,0.0,44.0,0.0,0.0,0.0,11.0,0.0,0.0,39.0,0.0,0.0,0.0,0.0,0.0,0.0,0.0,0.0,0.0,0.0,91.0,0.0,3.0,7.0,4133.0,0.0,0.0,0.0,0.0,0.0,0.0,0.0,0.0,0.0,0.0,0.0,0.0,0.0,0.0,0.0,0.0,0.0,0.0,0.0,0.0,0.0,3.0,3.0,0.0,5.0,0.0,0.0,0.0,0.0,0.0,0.0,0.0,0.0,81.0,0.0,0.0,0.0,0.0,0.0,0.0,32.0,0.0,123.0,134.0,4049.0,336.0,0.0,80.0,0.0,0.0,10.0,0.0,0.0,0.0
2008-01-01,0.0,0.0,72.0,69.0,0.0,0.0,95.0,0.0,0.0,0.0,0.0,0.0,0.0,0.0,0.0,3.0,0.0,0.0,0.0,0.0,43.0,0.0,0.0,0.0,0.0,3.0,0.0,0.0,0.0,85.0,0.0,0.0,0.0,0.0,0.0,4.0,0.0,0.0,0.0,0.0,0.0,0.0,0.0,0.0,0.0,0.0,0.0,0.0,0.0,0.0,0.0,0.0,0.0,0.0,0.0,0.0,0.0,3.0,0.0,0.0,0.0,133.0,0.0,0.0,0.0,0.0,184.0,0.0,0.0,5.0,0.0,0.0,5.0,7.0,0.0,0.0,4978.0,0.0,0.0,0.0,0.0,0.0,0.0,0.0,0.0,0.0,0.0,0.0,3.0,0.0,219.0,3977.0,0.0,52.0,6.0,0.0,0.0,0.0,0.0,0.0,0.0,5.0,0.0,0.0,7.0,0.0,0.0,0.0,0.0,2.0,0.0,0.0,0.0,0.0,0.0,0.0,4.0,0.0,28.0,0.0,0.0,0.0,0.0,0.0,0.0,0.0,0.0,0.0,0.0,0.0,3.0,0.0,0.0,0.0,0.0,0.0,0.0,0.0,0.0,4.0,0.0,0.0,0.0,0.0,0.0,0.0,0.0,0.0,149.0,0.0,0.0,0.0,32.0,0.0,0.0,65.0,0.0,0.0,0.0,0.0,0.0,0.0,0.0,0.0,0.0,0.0,50.0,0.0,0.0,38.0,4399.0,0.0,0.0,0.0,0.0,0.0,0.0,0.0,0.0,0.0,0.0,0.0,0.0,0.0,0.0,0.0,0.0,0.0,0.0,0.0,0.0,0.0,8.0,2.0,0.0,11.0,0.0,0.0,0.0,0.0,0.0,0.0,0.0,0.0,61.0,0.0,0.0,0.0,0.0,0.0,0.0,17.0,0.0,96.0,43.0,4372.0,467.0,0.0,95.0,0.0,0.0,5.0,0.0,3.0,0.0
2009-01-01,0.0,0.0,10.0,0.0,0.0,0.0,11.0,0.0,0.0,0.0,1.0,0.0,0.0,0.0,0.0,0.0,0.0,0.0,0.0,0.0,23.0,0.0,0.0,0.0,0.0,3.0,0.0,0.0,0.0,4.0,0.0,0.0,0.0,0.0,0.0,2.0,0.0,0.0,0.0,0.0,0.0,0.0,0.0,0.0,0.0,0.0,0.0,0.0,0.0,0.0,0.0,0.0,0.0,4.0,0.0,0.0,0.0,5.0,0.0,0.0,0.0,109.0,4.0,0.0,0.0,0.0,41.0,0.0,0.0,0.0,0.0,0.0,3.0,3.0,0.0,0.0,4349.0,0.0,0.0,0.0,0.0,0.0,0.0,0.0,0.0,0.0,0.0,0.0,0.0,0.0,189.0,3529.0,0.0,58.0,13.0,0.0,0.0,0.0,0.0,0.0,0.0,0.0,0.0,0.0,3.0,0.0,0.0,0.0,0.0,0.0,0.0,0.0,0.0,0.0,0.0,0.0,0.0,0.0,6.0,0.0,0.0,0.0,1.0,0.0,0.0,0.0,0.0,0.0,0.0,0.0,19.0,0.0,0.0,0.0,0.0,0.0,0.0,5.0,0.0,0.0,0.0,0.0,0.0,0.0,0.0,0.0,0.0,0.0,277.0,0.0,0.0,0.0,34.0,0.0,0.0,118.0,0.0,0.0,0.0,0.0,0.0,0.0,0.0,0.0,0.0,0.0,14.0,0.0,0.0,4.0,4049.0,0.0,0.0,0.0,0.0,0.0,0.0,0.0,0.0,0.0,0.0,0.0,0.0,0.0,1.0,0.0,0.0,0.0,0.0,0.0,0.0,0.0,12.0,0.0,0.0,5.0,0.0,0.0,0.0,0.0,0.0,0.0,0.0,0.0,0.0,0.0,0.0,0.0,0.0,0.0,0.0,8.0,0.0,30.0,8.0,4011.0,300.0,0.0,129.0,0.0,0.0,0.0,1.0,0.0,0.0
2010-01-01,0.0,0.0,50.0,0.0,0.0,0.0,87.0,0.0,1.0,0.0,0.0,0.0,0.0,0.0,0.0,0.0,0.0,0.0,0.0,0.0,27.0,0.0,0.0,0.0,0.0,1.0,0.0,0.0,5.0,32.0,0.0,0.0,0.0,0.0,0.0,0.0,0.0,0.0,0.0,0.0,0.0,0.0,0.0,0.0,0.0,0.0,0.0,0.0,0.0,0.0,0.0,0.0,0.0,8.0,0.0,0.0,0.0,4.0,0.0,0.0,0.0,154.0,3.0,0.0,0.0,0.0,39.0,0.0,0.0,0.0,0.0,0.0,0.0,0.0,47.0,0.0,4603.0,0.0,0.0,0.0,0.0,0.0,0.0,0.0,0.0,0.0,0.0,0.0,46.0,0.0,432.0,3434.0,0.0,106.0,2.0,0.0,0.0,0.0,0.0,0.0,0.0,0.0,0.0,0.0,3.0,0.0,0.0,0.0,0.0,34.0,0.0,0.0,0.0,0.0,0.0,0.0,0.0,0.0,2.0,0.0,0.0,0.0,0.0,0.0,0.0,0.0,0.0,0.0,0.0,0.0,4.0,0.0,0.0,0.0,0.0,0.0,0.0,0.0,0.0,3.0,0.0,0.0,0.0,0.0,0.0,0.0,0.0,0.0,146.0,0.0,0.0,0.0,37.0,0.0,0.0,107.0,0.0,0.0,0.0,0.0,0.0,0.0,0.0,0.0,0.0,0.0,9.0,0.0,0.0,1.0,4120.0,0.0,0.0,0.0,0.0,0.0,0.0,0.0,0.0,0.0,0.0,0.0,0.0,0.0,0.0,0.0,0.0,0.0,0.0,0.0,0.0,0.0,77.0,0.0,0.0,2.0,0.0,0.0,0.0,0.0,0.0,0.0,0.0,0.0,17.0,0.0,0.0,0.0,0.0,0.0,0.0,6.0,0.0,20.0,11.0,3896.0,676.0,0.0,153.0,0.0,0.0,7.0,0.0,0.0,0.0
2011-01-01,0.0,0.0,13.0,0.0,0.0,0.0,12.0,0.0,0.0,0.0,0.0,0.0,0.0,4.0,0.0,0.0,0.0,0.0,0.0,0.0,11.0,0.0,0.0,0.0,0.0,0.0,0.0,0.0,0.0,5.0,0.0,0.0,0.0,0.0,0.0,1.0,0.0,0.0,0.0,0.0,0.0,0.0,0.0,0.0,0.0,0.0,0.0,0.0,0.0,0.0,0.0,0.0,0.0,4.0,0.0,0.0,0.0,2.0,1.0,0.0,0.0,352.0,5.0,0.0,0.0,0.0,33.0,0.0,0.0,0.0,0.0,0.0,2.0,1.0,0.0,0.0,5626.0,0.0,0.0,0.0,0.0,0.0,0.0,0.0,0.0,0.0,0.0,0.0,2.0,0.0,806.0,4233.0,0.0,132.0,0.0,0.0,0.0,0.0,0.0,0.0,0.0,0.0,0.0,0.0,0.0,0.0,0.0,0.0,0.0,0.0,0.0,0.0,0.0,0.0,0.0,0.0,1.0,0.0,6.0,0.0,0.0,0.0,0.0,5.0,0.0,0.0,0.0,0.0,0.0,0.0,7.0,0.0,0.0,0.0,0.0,0.0,0.0,0.0,0.0,0.0,2.0,0.0,0.0,0.0,0.0,0.0,1.0,0.0,94.0,0.0,20.0,0.0,22.0,0.0,0.0,0.0,0.0,0.0,0.0,0.0,0.0,2.0,0.0,0.0,0.0,0.0,5.0,0.0,3.0,193.0,5179.0,0.0,0.0,0.0,0.0,0.0,0.0,0.0,0.0,0.0,0.0,0.0,0.0,0.0,2.0,0.0,0.0,0.0,0.0,0.0,0.0,0.0,28.0,0.0,0.0,2.0,0.0,0.0,0.0,0.0,1.0,0.0,0.0,0.0,8.0,0.0,0.0,0.0,0.0,0.0,0.0,13.0,0.0,49.0,205.0,4384.0,988.0,0.0,37.0,0.0,0.0,2.0,0.0,0.0,0.0
2012-01-01,0.0,0.0,27.0,15.0,0.0,0.0,2.0,0.0,0.0,0.0,0.0,0.0,0.0,0.0,0.0,0.0,0.0,1.0,0.0,0.0,16.0,0.0,0.0,0.0,0.0,0.0,0.0,0.0,0.0,0.0,0.0,0.0,0.0,0.0,0.0,1.0,0.0,0.0,0.0,0.0,0.0,0.0,1.0,0.0,0.0,0.0,0.0,0.0,0.0,0.0,0.0,0.0,0.0,9.0,0.0,0.0,0.0,0.0,0.0,0.0,0.0,334.0,8.0,0.0,0.0,0.0,32.0,0.0,0.0,0.0,0.0,0.0,0.0,0.0,0.0,0.0,4490.0,0.0,0.0,0.0,0.0,0.0,0.0,0.0,0.0,0.0,0.0,0.0,0.0,0.0,1192.0,2525.0,0.0,150.0,3.0,0.0,0.0,0.0,0.0,0.0,0.0,0.0,0.0,0.0,0.0,0.0,0.0,0.0,0.0,130.0,0.0,0.0,0.0,0.0,0.0,0.0,0.0,0.0,8.0,0.0,0.0,0.0,0.0,1.0,0.0,0.0,0.0,0.0,0.0,0.0,19.0,0.0,0.0,0.0,0.0,0.0,0.0,0.0,0.0,0.0,2.0,0.0,0.0,0.0,0.0,0.0,1.0,0.0,138.0,0.0,0.0,0.0,98.0,0.0,0.0,0.0,0.0,0.0,0.0,0.0,0.0,0.0,0.0,0.0,0.0,0.0,5.0,0.0,0.0,18.0,3953.0,0.0,0.0,0.0,0.0,0.0,0.0,65.0,0.0,0.0,0.0,0.0,0.0,0.0,2.0,0.0,0.0,0.0,0.0,0.0,0.0,0.0,63.0,0.0,0.0,1.0,0.0,0.0,0.0,0.0,0.0,0.0,0.0,0.0,5.0,0.0,1.0,0.0,0.0,0.0,0.0,12.0,0.0,28.0,92.0,2956.0,1414.0,0.0,142.0,0.0,0.0,0.0,0.0,0.0,0.0
2013-01-01,0.0,0.0,128.0,20.0,0.0,0.0,5.0,0.0,0.0,0.0,0.0,0.0,0.0,1.0,0.0,0.0,0.0,1.0,0.0,0.0,2.0,0.0,0.0,0.0,0.0,0.0,0.0,0.0,0.0,4.0,0.0,0.0,0.0,0.0,35.0,0.0,0.0,0.0,0.0,0.0,0.0,0.0,0.0,0.0,0.0,0.0,0.0,0.0,0.0,0.0,0.0,0.0,0.0,4.0,0.0,0.0,0.0,0.0,0.0,0.0,0.0,392.0,0.0,0.0,0.0,0.0,33.0,0.0,0.0,5.0,0.0,0.0,1.0,4.0,0.0,0.0,4680.0,0.0,0.0,0.0,0.0,0.0,0.0,0.0,0.0,0.0,0.0,0.0,0.0,0.0,775.0,3133.0,0.0,190.0,4.0,0.0,0.0,0.0,0.0,0.0,0.0,0.0,0.0,0.0,0.0,0.0,0.0,0.0,0.0,20.0,1.0,0.0,0.0,0.0,0.0,0.0,0.0,0.0,14.0,0.0,0.0,0.0,0.0,0.0,0.0,0.0,0.0,0.0,0.0,0.0,38.0,0.0,0.0,0.0,0.0,0.0,0.0,0.0,0.0,4.0,0.0,0.0,73.0,0.0,0.0,0.0,0.0,0.0,103.0,0.0,0.0,0.0,183.0,0.0,1.0,6.0,0.0,0.0,0.0,0.0,0.0,0.0,0.0,0.0,0.0,0.0,2.0,0.0,0.0,0.0,4080.0,0.0,0.0,0.0,0.0,0.0,0.0,7.0,0.0,0.0,0.0,0.0,0.0,0.0,2.0,0.0,0.0,0.0,0.0,0.0,0.0,0.0,28.0,0.0,0.0,0.0,1.0,0.0,0.0,0.0,0.0,0.0,0.0,0.0,0.0,0.0,0.0,0.0,0.0,0.0,0.0,11.0,0.0,30.0,122.0,3518.0,1010.0,0.0,42.0,0.0,0.0,7.0,0.0,0.0,0.0
2014-01-01,0.0,0.0,1.0,0.0,0.0,0.0,10.0,0.0,0.0,0.0,0.0,0.0,0.0,2.0,2.0,0.0,0.0,0.0,0.0,0.0,13.0,0.0,0.0,0.0,0.0,0.0,0.0,0.0,0.0,5.0,0.0,0.0,0.0,0.0,0.0,1.0,0.0,0.0,0.0,0.0,0.0,0.0,0.0,0.0,0.0,0.0,0.0,0.0,0.0,0.0,0.0,0.0,0.0,9.0,0.0,0.0,0.0,0.0,0.0,0.0,0.0,40.0,0.0,0.0,0.0,0.0,35.0,0.0,0.0,6.0,0.0,0.0,0.0,2.0,0.0,0.0,7774.0,0.0,0.0,0.0,0.0,0.0,0.0,0.0,0.0,0.0,0.0,0.0,3.0,0.0,430.0,6094.0,0.0,13.0,5.0,0.0,0.0,0.0,0.0,0.0,0.0,0.0,0.0,0.0,0.0,0.0,0.0,0.0,0.0,0.0,0.0,0.0,0.0,0.0,0.0,0.0,0.0,0.0,13.0,0.0,0.0,0.0,0.0,0.0,0.0,0.0,0.0,0.0,0.0,0.0,29.0,0.0,0.0,0.0,0.0,0.0,0.0,0.0,1.0,2.0,0.0,0.0,0.0,0.0,0.0,0.0,0.0,2.0,1079.0,0.0,2.0,0.0,9.0,0.0,0.0,0.0,0.0,0.0,0.0,0.0,0.0,0.0,0.0,0.0,0.0,0.0,1.0,0.0,2.0,11.0,7666.0,0.0,0.0,0.0,0.0,0.0,0.0,0.0,0.0,0.0,0.0,0.0,0.0,0.0,0.0,0.0,0.0,0.0,0.0,0.0,0.0,0.0,19.0,0.0,0.0,0.0,2.0,0.0,0.0,0.0,0.0,0.0,0.0,0.0,0.0,0.0,1.0,0.0,0.0,0.0,0.0,16.0,0.0,41.0,12.0,7245.0,476.0,0.0,22.0,0.0,0.0,0.0,0.0,0.0,0.0
2015-01-01,0.0,0.0,1654.0,0.0,0.0,0.0,49.0,0.0,0.0,0.0,0.0,0.0,0.0,2.0,0.0,0.0,0.0,2.0,0.0,0.0,6.0,0.0,0.0,0.0,0.0,0.0,0.0,0.0,0.0,12.0,0.0,0.0,0.0,0.0,0.0,3.0,0.0,0.0,0.0,0.0,0.0,0.0,0.0,0.0,0.0,0.0,0.0,0.0,0.0,0.0,0.0,0.0,0.0,14.0,0.0,0.0,1.0,1.0,0.0,0.0,0.0,43.0,2.0,1.0,0.0,0.0,59.0,1.0,0.0,14.0,0.0,0.0,1.0,1.0,0.0,0.0,4535.0,0.0,0.0,0.0,0.0,0.0,1.0,0.0,0.0,0.0,0.0,0.0,32.0,0.0,0.0,2365.0,1.0,28.0,2.0,0.0,0.0,1.0,0.0,0.0,0.0,0.0,0.0,0.0,0.0,0.0,0.0,0.0,0.0,194.0,0.0,0.0,0.0,0.0,0.0,0.0,0.0,0.0,10.0,0.0,0.0,0.0,0.0,1627.0,0.0,0.0,0.0,0.0,0.0,0.0,87.0,0.0,0.0,0.0,0.0,0.0,0.0,0.0,0.0,4.0,0.0,0.0,0.0,0.0,0.0,0.0,5.0,2.0,26.0,0.0,2.0,0.0,9.0,0.0,0.0,9.0,0.0,0.0,0.0,0.0,0.0,0.0,0.0,0.0,0.0,0.0,2.0,0.0,4.0,0.0,2504.0,0.0,0.0,0.0,0.0,0.0,0.0,0.0,0.0,9.0,0.0,0.0,0.0,0.0,1.0,0.0,0.0,0.0,0.0,0.0,0.0,0.0,19.0,0.0,0.0,0.0,1.0,0.0,0.0,0.0,0.0,0.0,0.0,0.0,2.0,0.0,0.0,0.0,0.0,0.0,0.0,15.0,0.0,67.0,1638.0,2745.0,85.0,0.0,226.0,0.0,0.0,0.0,15.0,1.0,0.0
2016-01-01,0.0,0.0,2870.0,0.0,0.0,0.0,45.0,0.0,0.0,0.0,0.0,0.0,0.0,8.0,2.0,0.0,0.0,6.0,0.0,0.0,2.0,0.0,0.0,0.0,0.0,0.0,0.0,0.0,0.0,4.0,0.0,0.0,0.0,0.0,0.0,1.0,0.0,1.0,0.0,0.0,0.0,0.0,0.0,0.0,0.0,0.0,0.0,0.0,0.0,0.0,0.0,0.0,0.0,9.0,0.0,0.0,0.0,3.0,0.0,0.0,0.0,25.0,4.0,1.0,0.0,0.0,48.0,0.0,0.0,8.0,0.0,0.0,1.0,0.0,0.0,0.0,7102.0,0.0,0.0,0.0,0.0,0.0,0.0,0.0,0.0,0.0,0.0,0.0,5.0,0.0,342.0,3380.0,1.0,10.0,1.0,0.0,0.0,0.0,0.0,0.0,0.0,0.0,0.0,1.0,0.0,0.0,0.0,0.0,0.0,3.0,0.0,0.0,0.0,0.0,0.0,0.0,0.0,0.0,6.0,0.0,0.0,0.0,0.0,2865.0,0.0,0.0,0.0,0.0,0.0,0.0,136.0,0.0,0.0,0.0,0.0,0.0,0.0,0.0,0.0,31.0,0.0,0.0,0.0,0.0,0.0,0.0,3.0,0.0,140.0,0.0,1.0,0.0,12.0,0.0,0.0,42.0,0.0,0.0,0.0,0.0,0.0,0.0,0.0,0.0,0.0,0.0,2.0,0.0,2.0,0.0,4016.0,0.0,0.0,0.0,0.0,0.0,0.0,0.0,0.0,0.0,0.0,0.0,0.0,0.0,4.0,0.0,0.0,0.0,0.0,0.0,0.0,0.0,16.0,0.0,0.0,0.0,0.0,0.0,0.0,0.0,0.0,0.0,0.0,0.0,4.0,0.0,0.0,0.0,0.0,31.0,0.0,13.0,0.0,56.0,2869.0,3735.0,411.0,0.0,98.0,0.0,0.0,0.0,0.0,1.0,0.0
2017-01-01,0.0,1.0,118.0,0.0,0.0,0.0,872.0,0.0,0.0,0.0,0.0,0.0,0.0,8.0,0.0,0.0,0.0,3.0,0.0,0.0,5.0,0.0,0.0,0.0,0.0,0.0,0.0,0.0,0.0,5.0,0.0,0.0,0.0,0.0,106.0,4.0,1.0,0.0,0.0,0.0,0.0,0.0,0.0,0.0,0.0,0.0,0.0,0.0,0.0,0.0,0.0,0.0,0.0,11.0,0.0,0.0,1.0,1.0,0.0,0.0,0.0,600.0,3.0,0.0,0.0,0.0,35.0,0.0,0.0,6.0,0.0,0.0,6.0,0.0,0.0,0.0,8819.0,0.0,0.0,0.0,0.0,0.0,0.0,0.0,0.0,0.0,0.0,0.0,76.0,0.0,954.0,5293.0,0.0,2.0,2.0,0.0,0.0,0.0,0.0,0.0,0.0,0.0,0.0,1.0,0.0,0.0,0.0,0.0,0.0,10.0,0.0,0.0,0.0,0.0,0.0,0.0,0.0,0.0,3.0,0.0,0.0,0.0,0.0,0.0,0.0,0.0,0.0,0.0,0.0,0.0,68.0,0.0,0.0,0.0,0.0,0.0,0.0,0.0,0.0,32.0,0.0,0.0,5.0,0.0,0.0,0.0,2.0,1.0,728.0,0.0,1.0,0.0,560.0,0.0,0.0,68.0,0.0,0.0,0.0,0.0,0.0,0.0,0.0,0.0,2.0,0.0,0.0,0.0,1.0,2.0,7053.0,0.0,1.0,0.0,0.0,0.0,0.0,0.0,0.0,0.0,0.0,0.0,0.0,0.0,0.0,0.0,0.0,0.0,0.0,0.0,0.0,0.0,5.0,0.0,0.0,0.0,0.0,0.0,0.0,0.0,0.0,0.0,0.0,0.0,0.0,0.0,0.0,0.0,0.0,786.0,0.0,21.0,0.0,51.0,147.0,6830.0,1005.0,0.0,141.0,0.0,0.0,30.0,4.0,0.0,0.0
2018-01-01,0.0,3.0,1971.0,0.0,0.0,0.0,894.0,0.0,0.0,0.0,0.0,0.0,0.0,11.0,0.0,0.0,0.0,2.0,0.0,3.0,36.0,0.0,0.0,0.0,0.0,0.0,0.0,0.0,0.0,1.0,0.0,0.0,0.0,0.0,48.0,4.0,5.0,0.0,0.0,0.0,0.0,0.0,0.0,0.0,8.0,0.0,0.0,0.0,0.0,0.0,0.0,0.0,0.0,26.0,0.0,0.0,0.0,1.0,0.0,0.0,0.0,3448.0,0.0,1.0,0.0,0.0,73.0,0.0,0.0,0.0,0.0,0.0,15.0,0.0,0.0,0.0,16911.0,0.0,0.0,0.0,0.0,0.0,0.0,0.0,0.0,0.0,0.0,0.0,105.0,0.0,1026.0,8788.0,0.0,0.0,2.0,0.0,0.0,1.0,0.0,0.0,0.0,0.0,0.0,0.0,0.0,0.0,0.0,0.0,0.0,0.0,0.0,0.0,0.0,0.0,0.0,0.0,0.0,0.0,3.0,0.0,0.0,0.0,0.0,0.0,0.0,0.0,0.0,0.0,0.0,0.0,127.0,0.0,0.0,0.0,0.0,0.0,0.0,0.0,0.0,18.0,2.0,0.0,44.0,1870.0,0.0,0.0,4.0,1.0,232.0,0.0,0.0,0.0,821.0,0.0,0.0,183.0,0.0,0.0,0.0,0.0,0.0,0.0,0.0,0.0,0.0,0.0,4.0,0.0,7.0,0.0,10299.0,0.0,0.0,0.0,0.0,0.0,0.0,6.0,0.0,0.0,0.0,0.0,1.0,0.0,0.0,0.0,0.0,0.0,0.0,0.0,0.0,0.0,90.0,0.0,0.0,0.0,0.0,0.0,0.0,0.0,0.0,0.0,0.0,0.0,10.0,0.0,0.0,0.0,0.0,775.0,0.0,13.0,0.0,85.0,2713.0,12177.0,1161.0,0.0,226.0,1.0,0.0,2609.0,4.0,0.0,0.0
2019-01-01,0.0,0.0,11400.0,0.0,0.0,0.0,234.0,0.0,0.0,0.0,0.0,0.0,0.0,7.0,0.0,0.0,0.0,6.0,0.0,0.0,14.0,0.0,0.0,0.0,0.0,0.0,0.0,0.0,0.0,2.0,0.0,0.0,1.0,0.0,56.0,5.0,0.0,0.0,0.0,0.0,0.0,0.0,0.0,0.0,1.0,0.0,0.0,0.0,0.0,0.0,0.0,0.0,0.0,15.0,0.0,0.0,0.0,7.0,0.0,0.0,0.0,705.0,0.0,2.0,0.0,7184.0,52.0,0.0,0.0,0.0,0.0,0.0,12.0,1.0,0.0,0.0,22986.0,0.0,0.0,0.0,1.0,0.0,0.0,0.0,0.0,0.0,0.0,0.0,55.0,0.0,495.0,9622.0,0.0,0.0,0.0,0.0,0.0,0.0,0.0,0.0,0.0,0.0,0.0,0.0,0.0,0.0,0.0,0.0,0.0,73.0,0.0,0.0,0.0,0.0,0.0,0.0,0.0,0.0,2.0,0.0,0.0,0.0,0.0,1815.0,0.0,0.0,0.0,0.0,0.0,0.0,22.0,0.0,0.0,0.0,0.0,0.0,0.0,0.0,0.0,16.0,1.0,0.0,55.0,2289.0,0.0,0.0,0.0,2.0,0.0,0.0,1.0,0.0,346.0,0.0,0.0,201.0,0.0,18.0,0.0,0.0,0.0,0.0,0.0,0.0,0.0,0.0,5.0,0.0,0.0,82.0,10224.0,0.0,0.0,0.0,0.0,0.0,0.0,0.0,0.0,0.0,0.0,0.0,2.0,0.0,4.0,0.0,0.0,0.0,0.0,0.0,0.0,0.0,70.0,0.0,0.0,0.0,0.0,0.0,0.0,0.0,0.0,0.0,0.0,0.0,0.0,0.0,0.0,0.0,0.0,164.0,0.0,53.0,2.0,64.0,2285.0,12697.0,592.0,0.0,371.0,0.0,0.0,277.0,0.0,0.0,0.0
2020-01-01,0.0,0.0,5387.0,0.0,0.0,0.0,83.0,0.0,0.0,0.0,0.0,0.0,0.0,9.0,2.0,0.0,0.0,3.0,0.0,10.0,10.0,0.0,0.0,0.0,0.0,0.0,0.0,0.0,0.0,1.0,0.0,0.0,0.0,6.0,53.0,1.0,0.0,1.0,2.0,17.0,0.0,0.0,10.0,0.0,0.0,0.0,0.0,0.0,0.0,0.0,0.0,0.0,0.0,16.0,0.0,0.0,1.0,3.0,0.0,0.0,0.0,295.0,0.0,1.0,0.0,5267.0,32.0,0.0,0.0,4.0,0.0,0.0,1.0,0.0,0.0,0.0,10137.0,0.0,0.0,0.0,0.0,0.0,0.0,0.0,0.0,0.0,0.0,0.0,66.0,0.0,259.0,3485.0,0.0,0.0,0.0,0.0,0.0,0.0,0.0,0.0,0.0,0.0,0.0,0.0,0.0,0.0,0.0,0.0,0.0,0.0,0.0,0.0,0.0,0.0,0.0,0.0,0.0,0.0,0.0,0.0,0.0,0.0,0.0,0.0,0.0,0.0,0.0,0.0,0.0,0.0,169.0,0.0,0.0,0.0,0.0,0.0,0.0,0.0,0.0,12.0,0.0,0.0,15.0,0.0,0.0,0.0,3.0,0.0,0.0,0.0,0.0,0.0,83.0,0.0,4.0,75.0,0.0,1.0,0.0,0.0,0.0,0.0,0.0,0.0,0.0,0.0,1.0,0.0,1.0,6.0,4002.0,0.0,0.0,0.0,0.0,0.0,0.0,0.0,0.0,0.0,0.0,0.0,0.0,0.0,0.0,0.0,0.0,0.0,0.0,0.0,0.0,0.0,79.0,0.0,0.0,0.0,0.0,0.0,0.0,0.0,0.0,0.0,0.0,0.0,0.0,0.0,2.0,0.0,0.0,5.0,0.0,237.0,2.0,46.0,289.0,4155.0,375.0,0.0,338.0,0.0,0.0,205.0,9.0,0.0,0.0
2021-01-01,0.0,61.0,4724.0,0.0,0.0,0.0,66.0,0.0,0.0,0.0,0.0,0.0,0.0,6.0,2.0,0.0,0.0,3.0,0.0,147.0,0.0,0.0,0.0,0.0,0.0,0.0,0.0,0.0,0.0,1.0,0.0,0.0,0.0,0.0,57.0,5.0,4.0,0.0,0.0,0.0,0.0,0.0,0.0,0.0,4.0,0.0,0.0,0.0,0.0,0.0,0.0,0.0,0.0,21.0,0.0,0.0,1.0,27.0,0.0,0.0,0.0,1746.0,0.0,1.0,0.0,4453.0,62.0,0.0,0.0,7.0,0.0,0.0,10.0,0.0,0.0,0.0,8659.0,0.0,0.0,0.0,0.0,0.0,0.0,0.0,0.0,0.0,0.0,0.0,28.0,0.0,235.0,1768.0,0.0,0.0,0.0,0.0,0.0,0.0,0.0,0.0,0.0,0.0,0.0,0.0,0.0,0.0,0.0,0.0,0.0,0.0,0.0,0.0,0.0,0.0,0.0,0.0,0.0,1.0,0.0,0.0,0.0,0.0,0.0,18.0,0.0,0.0,0.0,0.0,0.0,0.0,3.0,0.0,0.0,0.0,0.0,0.0,0.0,0.0,0.0,5.0,0.0,0.0,0.0,0.0,0.0,0.0,0.0,0.0,0.0,0.0,0.0,0.0,169.0,0.0,0.0,38.0,0.0,0.0,0.0,0.0,0.0,0.0,0.0,0.0,0.0,0.0,4.0,0.0,0.0,0.0,2006.0,0.0,0.0,0.0,0.0,0.0,0.0,0.0,0.0,0.0,0.0,0.0,4.0,0.0,4.0,0.0,0.0,0.0,0.0,0.0,0.0,0.0,0.0,0.0,0.0,0.0,0.0,0.0,0.0,0.0,0.0,0.0,0.0,49.0,0.0,0.0,1.0,0.0,0.0,0.0,0.0,6.0,0.0,74.0,1848.0,2012.0,272.0,0.0,55.0,0.0,0.0,1516.0,0.0,0.0,0.0
2022-01-01,0.0,50.0,4856.0,0.0,0.0,0.0,54.0,0.0,0.0,0.0,0.0,0.0,0.0,31.0,62.0,0.0,0.0,31.0,0.0,34.0,6.0,0.0,0.0,0.0,0.0,0.0,0.0,0.0,0.0,2.0,0.0,0.0,0.0,0.0,0.0,6.0,128.0,0.0,0.0,0.0,0.0,44.0,0.0,0.0,0.0,0.0,0.0,0.0,0.0,0.0,0.0,0.0,5.0,171.0,0.0,0.0,0.0,8.0,4.0,0.0,0.0,449.0,0.0,1.0,0.0,3946.0,578.0,0.0,0.0,60.0,0.0,0.0,88.0,0.0,0.0,0.0,10027.0,0.0,0.0,0.0,0.0,0.0,0.0,0.0,0.0,0.0,0.0,0.0,38.0,0.0,540.0,3286.0,0.0,0.0,0.0,0.0,0.0,3.0,0.0,0.0,0.0,0.0,0.0,0.0,0.0,0.0,0.0,0.0,0.0,0.0,0.0,0.0,0.0,0.0,0.0,0.0,0.0,0.0,0.0,0.0,0.0,0.0,0.0,92.0,0.0,0.0,0.0,0.0,0.0,0.0,31.0,0.0,0.0,0.0,0.0,0.0,0.0,0.0,0.0,9.0,0.0,0.0,736.0,0.0,0.0,0.0,7.0,8.0,95.0,0.0,2.0,0.0,351.0,0.0,0.0,88.0,0.0,0.0,0.0,0.0,0.0,0.0,0.0,0.0,0.0,0.0,0.0,0.0,2.0,9.0,3958.0,0.0,0.0,0.0,0.0,0.0,0.0,0.0,0.0,0.0,0.0,0.0,8.0,0.0,4.0,0.0,0.0,0.0,0.0,0.0,0.0,0.0,0.0,0.0,0.0,0.0,0.0,0.0,0.0,0.0,0.0,0.0,0.0,0.0,2.0,0.0,0.0,0.0,0.0,0.0,0.0,2.0,0.0,617.0,1002.0,3897.0,565.0,0.0,132.0,0.0,0.0,37.0,0.0,0.0,0.0
2023-01-01,0.0,61.0,18684.0,0.0,0.0,0.0,18.0,0.0,0.0,0.0,0.0,0.0,0.0,12.0,4.0,0.0,0.0,14.0,0.0,0.0,9.0,0.0,0.0,0.0,0.0,0.0,0.0,0.0,0.0,4.0,0.0,0.0,0.0,0.0,1.0,2.0,29.0,0.0,0.0,41.0,0.0,38.0,0.0,0.0,0.0,0.0,0.0,0.0,0.0,0.0,0.0,0.0,7.0,135.0,0.0,0.0,0.0,10.0,174.0,0.0,0.0,502.0,0.0,2.0,0.0,0.0,264.0,0.0,0.0,39.0,0.0,3.0,2.0,0.0,0.0,88.0,24782.0,0.0,0.0,0.0,0.0,0.0,0.0,0.0,0.0,0.0,0.0,0.0,0.0,0.0,956.0,3850.0,0.0,0.0,1.0,0.0,0.0,3.0,0.0,0.0,0.0,0.0,0.0,0.0,0.0,0.0,0.0,0.0,0.0,273.0,0.0,0.0,0.0,0.0,0.0,0.0,0.0,2.0,3.0,0.0,0.0,0.0,0.0,97.0,0.0,0.0,0.0,0.0,0.0,0.0,90.0,0.0,0.0,0.0,0.0,20.0,0.0,0.0,0.0,15.0,0.0,0.0,3286.0,14163.0,0.0,0.0,14.0,4.0,27.0,0.0,0.0,0.0,389.0,0.0,0.0,24.0,0.0,0.0,1.0,0.0,0.0,0.0,0.0,0.0,0.0,0.0,0.0,0.0,2.0,14.0,4934.0,0.0,0.0,0.0,0.0,0.0,0.0,1.0,0.0,85.0,0.0,0.0,2.0,0.0,3.0,0.0,0.0,0.0,0.0,0.0,671.0,0.0,2.0,0.0,0.0,0.0,0.0,0.0,0.0,0.0,0.0,0.0,0.0,0.0,0.0,0.0,1.0,0.0,0.0,1.0,0.0,56.0,0.0,281.0,4288.0,19030.0,1182.0,0.0,380.0,0.0,0.0,34.0,17.0,0.0,0.0
2024-01-01,0.0,207.0,15605.0,0.0,0.0,0.0,87.0,0.0,0.0,0.0,0.0,0.0,0.0,9.0,3.0,0.0,0.0,14.0,0.0,0.0,1.0,0.0,0.0,0.0,0.0,0.0,0.0,0.0,0.0,7.0,0.0,0.0,0.0,0.0,0.0,2.0,6.0,0.0,0.0,0.0,0.0,38.0,0.0,0.0,0.0,0.0,0.0,0.0,0.0,0.0,0.0,0.0,11.0,53.0,0.0,0.0,0.0,0.0,125.0,1.0,0.0,2307.0,0.0,1.0,0.0,0.0,133.0,0.0,0.0,0.0,0.0,10.0,13.0,0.0,0.0,0.0,25134.0,0.0,0.0,0.0,0.0,0.0,0.0,0.0,0.0,0.0,0.0,0.0,75.0,0.0,943.0,5634.0,0.0,0.0,9.0,0.0,0.0,7.0,0.0,0.0,0.0,0.0,27.0,0.0,1.0,0.0,0.0,0.0,0.0,26.0,0.0,0.0,0.0,0.0,0.0,0.0,0.0,0.0,5.0,0.0,0.0,0.0,0.0,0.0,0.0,0.0,0.0,0.0,0.0,0.0,83.0,0.0,0.0,0.0,0.0,40.0,0.0,0.0,0.0,12.0,5.0,0.0,2082.0,10595.0,0.0,0.0,3.0,7.0,70.0,0.0,2.0,0.0,1053.0,0.0,0.0,205.0,0.0,0.0,1.0,0.0,0.0,0.0,0.0,0.0,0.0,0.0,0.0,0.0,10.0,0.0,6736.0,0.0,0.0,0.0,0.0,0.0,0.0,838.0,0.0,0.0,0.0,0.0,3.0,1.0,4.0,11.0,0.0,0.0,0.0,0.0,2599.0,0.0,5.0,0.0,0.0,0.0,0.0,0.0,0.0,0.0,0.0,0.0,0.0,0.0,1.0,0.0,0.0,0.0,0.0,2.0,0.0,11.0,0.0,155.0,5954.0,17837.0,1186.0,0.0,266.0,0.0,0.0,190.0,73.0,0.0,0.0
